RowID,CCNumber,CrimeDateTime,CrimeCode,Description,Inside_Outside,Post,Gender,Age,Race,Ethnicity,Location,New_District,Neighborhood,Latitude,Longitude,GeoLocation,PremiseType,Total_Incidents,x,y
175094,24K01608,2024-11-06 03:00:00,1A,HOMICIDE,O,512.0,M,36.0,BLACK_OR_AFRICAN_AMERICAN,NOT_HISPANIC_OR_LATINO,N HOWARD ST,NORTHERN,REMINGTON,39.317807,-76.6198,"(39.317807,-76.6198)",GAS STATION                                       ,1,-76.6197999999999,39.3178070000001
175096,24K01623,2024-11-06 04:20:00,3C,ROBBERY - COMMERCIAL,I,512.0,DK,DK,DK, ,3000 N CHARLES ST,NORTHERN,CHARLES VILLAGE,39.32458,-76.617346,"(39.32458,-76.617346)",CONVENIENCE STORE                                 ,1,-76.6173459999999,39.32458
175097,24K01623,2024-11-06 04:20:00,3A,ROBBERY,I,512.0,M,36.0,WHITE,NOT_HISPANIC_OR_LATINO,3000 N CHARLES ST,NORTHERN,CHARLES VILLAGE,39.32458,-76.617346,"(39.32458,-76.617346)",CONVENIENCE STORE                                 ,1,-76.6173459999999,39.32458
175747,24K01698,2024-11-06 09:30:00,4A,AGG. ASSAULT,O,411.0,M,DK,BLACK_OR_AFRICAN_AMERICAN,NOT_HISPANIC_OR_LATINO,E 33RD ST,NORTHEAST,EDNOR GARDENS-LAKESIDE,39.328551,-76.600495,"(39.328551,-76.600495)",SHED/GARAGE                                       ,1,-76.600495,39.3285510000001
175099,24K08107,2024-11-06 10:00:00,6G,LARCENY,O,312.0,M,50.0,WHITE,NOT_HISPANIC_OR_LATINO,100 W 25TH ST,EASTERN,OLD GOUCHER,39.317706,-76.619102,"(39.317706,-76.619102)",STREET                                            ,1,-76.6191019999999,39.317706
170076,24K01714,2024-11-06 10:57:00,6J,LARCENY,I,525.0,DK,DK,DK, ,E 33RD ST,NORTHERN,OAKENSHAWE,39.328477,-76.611003,"(39.328477,-76.611003)",UNKNOWN                                           ,1,-76.611003,39.3284770000001
174300,24K01704,2024-11-06 11:10:00,5A,BURGLARY,I,711.0,M,71.0,BLACK_OR_AFRICAN_AMERICAN,NOT_HISPANIC_OR_LATINO,1800 N MOUNT ST,WESTERN,SANDTOWN-WINCHESTER,39.30918,-76.64487,"(39.30918,-76.64487)",OTHER/RESIDENTIAL                                 ,1,-76.64487,39.30918
170078,24K01723,2024-11-06 11:41:00,4E,COMMON ASSAULT,I,732.0,M,56.0,BLACK_OR_AFRICAN_AMERICAN,NOT_HISPANIC_OR_LATINO,2200 REISTERSTOWN RD,WESTERN,MONDAWMIN,39.314289,-76.647788,"(39.314289,-76.647788)",SPECIALTY STORE                                   ,1,-76.6477879999999,39.314289
170080,24K01738,2024-11-06 13:30:00,4E,COMMON ASSAULT,I,325.0,M,17.0,BLACK_OR_AFRICAN_AMERICAN,UNKNOWN,2500 HARFORD RD,EASTERN,CLIFTON PARK,39.317807,-76.593977,"(39.317807,-76.593977)",SCHOOL                                            ,1,-76.5939769999999,39.3178070000001
175890,24K01738,2024-11-06 13:30:00,4E,COMMON ASSAULT,I,325.0,M,15.0,BLACK_OR_AFRICAN_AMERICAN,UNKNOWN,2500 HARFORD RD,EASTERN,CLIFTON PARK,39.317807,-76.593977,"(39.317807,-76.593977)",SCHOOL                                            ,1,-76.5939769999999,39.3178070000001
174364,24K01805,2024-11-06 14:54:00,4A,AGG. ASSAULT,O,515.0,F,43.0,BLACK_OR_AFRICAN_AMERICAN,UNKNOWN,E 34TH ST,NORTHERN,WAVERLY,39.32990735438914,-76.60625581978128,"(39.32990735438914,-76.60625581978128)",STREET                                            ,1,-76.6062558199999,39.3299073540001
169994,24K01816,2024-11-06 16:30:00,3A,ROBBERY,I,514.0,M,24.0,BLACK_OR_AFRICAN_AMERICAN,UNKNOWN,SAINT PAUL ST,NORTHERN,CHARLES VILLAGE,39.326975,-76.616072,"(39.326975,-76.616072)",DRUG STORE / MED  BLDG                            ,1,-76.616072,39.3269750000001
174370,24K01816,2024-11-06 16:30:00,3C,ROBBERY - COMMERCIAL,I,514.0,DK,DK,DK, ,SAINT PAUL ST,NORTHERN,CHARLES VILLAGE,39.326975,-76.616072,"(39.326975,-76.616072)",DRUG STORE / MED  BLDG                            ,1,-76.616072,39.3269750000001
170081,24K01780,2024-11-06 16:30:00,6C,LARCENY,I,312.0,DK,DK,DK, ,2400 N CHARLES ST,EASTERN,OLD GOUCHER,39.316408,-76.616826,"(39.316408,-76.616826)",GROCERY/CONFECTION                                ,1,-76.6168259999999,39.316408
175005,24K01792,2024-11-06 17:00:00,6J,LARCENY,I,312.0,DK,DK,DK, ,2400 N CHARLES ST,EASTERN,OLD GOUCHER,39.316408,-76.616826,"(39.316408,-76.616826)",GROCERY/CONFECTION                                ,1,-76.6168259999999,39.316408
175739,24K01852,2024-11-06 20:13:00,6C,LARCENY,I,514.0,DK,DK,DK, ,3100 GREENMOUNT AVE,NORTHERN,BETTER WAVERLY,39.326908,-76.609338,"(39.326908,-76.609338)",CONVENIENCE STORE                                 ,1,-76.609338,39.3269080000001
169995,24K03696,2024-11-06 22:00:00,7A,AUTO THEFT,O,525.0,F,35.0,BLACK_OR_AFRICAN_AMERICAN,UNKNOWN,IVANHOE AVE,NORTHERN,PEN LUCY,39.340945,-76.604383,"(39.340945,-76.604383)",STREET                                            ,1,-76.604383,39.340945
174367,24K01905,2024-11-06 22:00:00,6F,LARCENY FROM AUTO,O,525.0,M,21.0,BLACK_OR_AFRICAN_AMERICAN,NOT_HISPANIC_OR_LATINO,BELGIAN AVE,NORTHERN,PEN LUCY,39.340552,-76.603604,"(39.340552,-76.603604)",STREET                                            ,1,-76.603604,39.3405520000001
174252,24K01912,2024-11-07 01:19:00,8A,ARSON,O,734.0,M,42.0,UNKNOWN,HISPANIC_OR_LATINO,DUCATEL ST,WESTERN,RESERVOIR HILL,39.31246996284077,-76.63432386008724,"(39.31246996284077,-76.63432386008724)",STREET                                            ,1,-76.6343238599999,39.3124699630001
174242,24K01922,2024-11-07 02:25:00,4A,AGG. ASSAULT,O,312.0,M,32.0,BLACK_OR_AFRICAN_AMERICAN,NOT_HISPANIC_OR_LATINO,N CHARLES ST,EASTERN,OLD GOUCHER,39.315324,-76.616898,"(39.315324,-76.616898)",STREET                                            ,1,-76.6168979999999,39.315324
174243,24K01925,2024-11-07 03:35:00,6C,LARCENY,I,511.0,DK,DK,DK, ,3600 KESWICK RD,NORTHERN,WYMAN PARK,39.332177,-76.628007,"(39.332177,-76.628007)",CONVENIENCE STORE                                 ,1,-76.628007,39.3321770000001
173127,24K04217,2024-11-07 08:00:00,4E,COMMON ASSAULT,O,314.0,F,57.0,BLACK_OR_AFRICAN_AMERICAN,NOT_HISPANIC_OR_LATINO,2100 HARFORD RD,EASTERN,DARLEY PARK,39.314324,-76.597731,"(39.314324,-76.597731)",STREET                                            ,1,-76.597731,39.3143240000001
173860,24K35556,2024-11-07 10:20:00,6J,LARCENY,I,512.0,F,34.0,BLACK_OR_AFRICAN_AMERICAN,UNKNOWN,3000 KESWICK RD,NORTHERN,HAMPDEN,39.323723,-76.627794,"(39.323723,-76.627794)",OTHER/RESIDENTIAL                                 ,1,-76.6277939999999,39.323723
173125,24K05646,2024-11-07 11:00:00,6J,LARCENY,I,734.0,F,60.0,BLACK_OR_AFRICAN_AMERICAN,UNKNOWN,2300 MADISON AVE,WESTERN,RESERVOIR HILL,39.311985,-76.637305,"(39.311985,-76.637305)",OTHER/RESIDENTIAL                                 ,1,-76.637305,39.311985
173126,24K02069,2024-11-07 12:27:00,6J,LARCENY,I,512.0,M,31.0,DK,UNKNOWN,500 W 28TH ST,NORTHERN,REMINGTON,39.319944,-76.624029,"(39.319944,-76.624029)",OTHER/RESIDENTIAL                                 ,1,-76.624029,39.3199440000001
174189,24K02424,2024-11-07 13:30:00,4E,COMMON ASSAULT,O,733.0,M,DK,BLACK_OR_AFRICAN_AMERICAN,NOT_HISPANIC_OR_LATINO,W NORTH AVE,WESTERN,PENN NORTH,39.310078,-76.643428,"(39.310078,-76.643428)",STREET                                            ,1,-76.643428,39.310078
174088,24K02050,2024-11-07 13:30:00,4A,AGG. ASSAULT,O,511.0,M,39.0,WHITE,UNKNOWN,3300 CHESTNUT AVE,NORTHERN,HAMPDEN,39.327112,-76.629084,"(39.327112,-76.629084)",STREET                                            ,1,-76.629084,39.3271120000001
173773,24K02351,2024-11-07 14:15:00,4E,COMMON ASSAULT,I,525.0,M,13.0,BLACK_OR_AFRICAN_AMERICAN,NOT_HISPANIC_OR_LATINO,800 E 43RD ST,NORTHERN,WILSON PARK,39.342406,-76.604508,"(39.342406,-76.604508)",SCHOOL                                            ,1,-76.604508,39.342406
174714,24K03291,2024-11-07 15:30:00,6F,LARCENY FROM AUTO,O,314.0,M,20.0,BLACK_OR_AFRICAN_AMERICAN,NOT_HISPANIC_OR_LATINO,800 E 22ND ST,EASTERN,EAST BALTIMORE MIDWAY,39.314585,-76.606509,"(39.314585,-76.606509)",STREET                                            ,1,-76.606509,39.3145850000001
173932,24K02099,2024-11-07 15:40:00,4A,AGG. ASSAULT,I,512.0,M,55.0,BLACK_OR_AFRICAN_AMERICAN,NOT_HISPANIC_OR_LATINO,2500 MARYLAND AVE,NORTHERN,CHARLES VILLAGE,39.318847,-76.618343,"(39.318847,-76.618343)",OFFICE BUILDING                                   ,1,-76.618343,39.3188470000001
174564,24K02088,2024-11-07 15:40:00,4E,COMMON ASSAULT,I,512.0,M,65.0,BLACK_OR_AFRICAN_AMERICAN,NOT_HISPANIC_OR_LATINO,2500 MARYLAND AVE,NORTHERN,CHARLES VILLAGE,39.318847,-76.618343,"(39.318847,-76.618343)",OFFICE BUILDING                                   ,1,-76.618343,39.3188470000001
173769,24K02117,2024-11-07 17:15:00,4E,COMMON ASSAULT,I,514.0,M,72.0,ASIAN,NOT_HISPANIC_OR_LATINO,3200 GREENMOUNT AVE,NORTHERN,ABELL,39.32736,-76.609493,"(39.32736,-76.609493)",WHOLESALEDISC. STOR                               ,1,-76.609493,39.3273600000001
174179,24K02163,2024-11-07 17:15:00,6J,LARCENY,I,311.0,F,79.0,WHITE,NOT_HISPANIC_OR_LATINO,1700 N CHARLES ST,EASTERN,CHARLES NORTH,39.308892,-76.61634,"(39.308892,-76.61634)",RESTAURANT                                        ,1,-76.61634,39.3088920000001
173777,24K02194,2024-11-07 19:00:00,4E,COMMON ASSAULT,O,732.0,F,13.0,BLACK_OR_AFRICAN_AMERICAN,NOT_HISPANIC_OR_LATINO,WOODBROOK AVE,WESTERN,AUCHENTOROLY-PARKWOOD,39.31389229978799,-76.64568460340008,"(39.31389229978799,-76.64568460340008)",PARK                                              ,1,-76.6456846029999,39.3138923000001
174632,24K02199,2024-11-07 20:30:00,6J,LARCENY,I,512.0,DK,DK,DK, ,300 W 29TH ST,NORTHERN,REMINGTON,39.322086,-76.622183,"(39.322086,-76.622183)",RESTAURANT                                        ,1,-76.6221829999999,39.3220860000001
173698,24K02208,2024-11-07 22:13:00,5A,BURGLARY,I,315.0,F,39.0,BLACK_OR_AFRICAN_AMERICAN,UNKNOWN,1600 CHILTON ST,EASTERN,COLDSTREAM HOMESTEAD MONTEBELLO,39.327241,-76.594575,"(39.327241,-76.594575)",OTHER/RESIDENTIAL                                 ,1,-76.594575,39.3272410000001
174185,24K02219,2024-11-07 23:40:00,4A,AGG. ASSAULT,O,525.0,F,49.0,BLACK_OR_AFRICAN_AMERICAN,NOT_HISPANIC_OR_LATINO,E 33RD ST,NORTHERN,OAKENSHAWE,39.328477,-76.611003,"(39.328477,-76.611003)",STREET                                            ,1,-76.611003,39.3284770000001
176213,24K02276,2024-11-08 01:30:00,6J,LARCENY,I,525.0,F,15.0,BLACK_OR_AFRICAN_AMERICAN,UNKNOWN,4200 YORK RD,NORTHERN,PEN LUCY,39.340273,-76.609476,"(39.340273,-76.609476)",OTHER/RESIDENTIAL                                 ,1,-76.609476,39.340273
172128,24K02272,2024-11-08 02:30:00,4E,COMMON ASSAULT,I,514.0,F,26.0,WHITE,HISPANIC_OR_LATINO,3200 SAINT PAUL ST,NORTHERN,CHARLES VILLAGE,39.326987,-76.6158,"(39.326987,-76.6158)",CONVENIENCE STORE                                 ,1,-76.6158,39.326987
175611,24K02447,2024-11-08 08:00:00,7A,AUTO THEFT,I,315.0,F,25.0,BLACK_OR_AFRICAN_AMERICAN,NOT_HISPANIC_OR_LATINO,2600 ROBB ST,EASTERN,COLDSTREAM HOMESTEAD MONTEBELLO,39.319512,-76.59716,"(39.319512,-76.59716)",OTHER/RESIDENTIAL                                 ,1,-76.59716,39.319512
172136,24K02460,2024-11-08 09:30:00,5A,BURGLARY,I,513.0,M,36.0,WHITE,NOT_HISPANIC_OR_LATINO,2900 SAINT PAUL ST,NORTHERN,CHARLES VILLAGE,39.323695,-76.615689,"(39.323695,-76.615689)",OTHER/RESIDENTIAL                                 ,1,-76.615689,39.323695
172137,24K02460,2024-11-08 09:30:00,5A,BURGLARY,I,513.0,M,66.0,WHITE,UNKNOWN,2900 SAINT PAUL ST,NORTHERN,CHARLES VILLAGE,39.323695,-76.615689,"(39.323695,-76.615689)",OTHER/RESIDENTIAL                                 ,1,-76.615689,39.323695
171277,24K03091,2024-11-08 11:00:00,5A,BURGLARY,I,311.0,DK,DK,DK, ,20 E NORTH AVE,EASTERN,CHARLES NORTH,39.311011,-76.615658,"(39.311011,-76.615658)",OFFICE BUILDING                                   ,1,-76.6156579999999,39.3110110000001
172046,24K02374,2024-11-08 11:10:00,4E,COMMON ASSAULT,I,733.0,M,51.0,BLACK_OR_AFRICAN_AMERICAN,NOT_HISPANIC_OR_LATINO,2600 PENNSYLVANIA AVE,WESTERN,PENN NORTH,39.311385,-76.643966,"(39.311385,-76.643966)",OTHER/RESIDENTIAL                                 ,1,-76.643966,39.311385
172134,24K02374,2024-11-08 11:10:00,4E,COMMON ASSAULT,I,733.0,F,38.0,WHITE,UNKNOWN,2600 PENNSYLVANIA AVE,WESTERN,PENN NORTH,39.311385,-76.643966,"(39.311385,-76.643966)",OTHER/RESIDENTIAL                                 ,1,-76.643966,39.311385
172135,24K02374,2024-11-08 11:10:00,4E,COMMON ASSAULT,I,733.0,M,34.0,BLACK_OR_AFRICAN_AMERICAN,NOT_HISPANIC_OR_LATINO,2600 PENNSYLVANIA AVE,WESTERN,PENN NORTH,39.311385,-76.643966,"(39.311385,-76.643966)",OTHER/RESIDENTIAL                                 ,1,-76.643966,39.311385
176208,24K02441,2024-11-08 14:00:00,3A,ROBBERY,O,513.0,F,40.0,WHITE,UNKNOWN,GREENMOUNT AVE,NORTHERN,HARWOOD,39.320978,-76.609548,"(39.320978,-76.609548)",STREET                                            ,1,-76.609548,39.320978
171977,24K02901,2024-11-08 22:00:00,5A,BURGLARY,I,511.0,M,45.0,WHITE,NOT_HISPANIC_OR_LATINO,3500 ELM AVE,NORTHERN,HAMPDEN,39.330548,-76.631122,"(39.330548,-76.631122)",OTHER/RESIDENTIAL                                 ,1,-76.6311219999999,39.3305480000001
176210,24K02701,2024-11-08 23:50:00,7A,AUTO THEFT,O,732.0,F,58.0,BLACK_OR_AFRICAN_AMERICAN,UNKNOWN,PARKWOOD AVE,WESTERN,AUCHENTOROLY-PARKWOOD,39.315184,-76.646149,"(39.315184,-76.646149)",STREET                                            ,1,-76.646149,39.315184
172942,24K04613,2024-11-09 00:00:00,6F,LARCENY FROM AUTO,O,524.0,F,35.0,BLACK_OR_AFRICAN_AMERICAN,NOT_HISPANIC_OR_LATINO,5000 READY AVE,NORTHERN,WINSTON-GOVANS,39.349854,-76.60888,"(39.349854,-76.60888)",STREET                                            ,1,-76.6088799999999,39.3498540000001
174751,24K02654,2024-11-09 03:05:00,7A,AUTO THEFT,O,736.0,F,69.0,BLACK_OR_AFRICAN_AMERICAN,NOT_HISPANIC_OR_LATINO,1900 EUTAW PL,WESTERN,BOLTON HILL,39.309608,-76.632676,"(39.309608,-76.632676)",STREET                                            ,1,-76.6326759999999,39.309608
174819,24K02698,2024-11-09 07:00:00,6J,LARCENY,I,511.0,DK,DK,DK, ,3600 ROLAND AVE,NORTHERN,HAMPDEN,39.331430005529626,-76.63225998013851,"(39.331430005529626,-76.63225998013851)",CONVENIENCE STORE                                 ,1,-76.63225998,39.3314300060001
174764,24K02696,2024-11-09 07:30:00,4A,AGG. ASSAULT,O,325.0,M,34.0,BLACK_OR_AFRICAN_AMERICAN,NOT_HISPANIC_OR_LATINO,1900 N BROADWAY,EASTERN,SOUTH CLIFTON PARK,39.31291,-76.59534,"(39.31291,-76.59534)",SHED/GARAGE                                       ,1,-76.59534,39.31291
172850,24K03096,2024-11-09 10:30:00,7A,AUTO THEFT,O,521.0,M,21.0,WHITE,NOT_HISPANIC_OR_LATINO,3800 TUDOR ARMS AVE,NORTHERN,WYMAN PARK,39.33539015981515,-76.62591324173259,"(39.33539015981515,-76.62591324173259)",STREET                                            ,1,-76.625913242,39.33539016
172932,24K02993,2024-11-09 11:45:00,7A,AUTO THEFT,O,524.0,F,54.0,BLACK_OR_AFRICAN_AMERICAN,NOT_HISPANIC_OR_LATINO,400 BEAUMONT AVE,NORTHERN,WINSTON-GOVANS,39.351639,-76.609017,"(39.351639,-76.609017)",SHED/GARAGE                                       ,1,-76.6090169999999,39.351639
171815,24K35575,2024-11-09 14:15:00,6J,LARCENY,I,514.0,F,42.0,WHITE,UNKNOWN,3100 N CALVERT ST,NORTHERN,CHARLES VILLAGE,39.326034,-76.614679,"(39.326034,-76.614679)",OTHER/RESIDENTIAL                                 ,1,-76.614679,39.326034
175407,24K02781,2024-11-09 14:25:00,4E,COMMON ASSAULT,I,411.0,F,25.0,BLACK_OR_AFRICAN_AMERICAN,NOT_HISPANIC_OR_LATINO,3900 REXMERE RD,NORTHEAST,EDNOR GARDENS-LAKESIDE,39.336649,-76.602043,"(39.336649,-76.602043)",OTHER/RESIDENTIAL                                 ,1,-76.602043,39.3366490000001
173888,24K02823,2024-11-09 14:30:00,4A,AGG. ASSAULT,I,514.0,M,40.0,BLACK_OR_AFRICAN_AMERICAN,NOT_HISPANIC_OR_LATINO,3000 FRISBY ST,NORTHERN,BETTER WAVERLY,39.325382,-76.607497,"(39.325382,-76.607497)",OTHER/RESIDENTIAL                                 ,1,-76.607497,39.325382
174756,24K02800,2024-11-09 15:30:00,6J,LARCENY,I,521.0,DK,DK,DK, ,1000 W 41ST ST,NORTHERN,HOES HEIGHTS,39.337532,-76.634497,"(39.337532,-76.634497)",RESTAURANT                                        ,1,-76.634497,39.3375320000001
172944,24K02826,2024-11-09 15:40:00,3A,ROBBERY,O,514.0,M,20.0,WHITE,UNKNOWN,N CALVERT ST,NORTHERN,CHARLES VILLAGE,39.324635,-76.614739,"(39.324635,-76.614739)",STREET                                            ,1,-76.614739,39.3246350000001
172846,24K02838,2024-11-09 16:45:00,4A,AGG. ASSAULT,I,734.0,F,38.0,UNKNOWN,HISPANIC_OR_LATINO,2200 EUTAW PL,WESTERN,RESERVOIR HILL,39.310713,-76.634338,"(39.310713,-76.634338)",OTHER/RESIDENTIAL                                 ,1,-76.634338,39.3107130000001
174934,24K03253,2024-11-09 18:00:00,5A,BURGLARY,I,314.0,DK,DK,DK, ,1300 E 25TH ST,EASTERN,EAST BALTIMORE MIDWAY,39.316787,-76.596226,"(39.316787,-76.596226)",UNKNOWN                                           ,1,-76.5962259999999,39.316787
172018,24K02859,2024-11-09 18:18:00,4E,COMMON ASSAULT,O,524.0,F,43.0,WHITE,UNKNOWN,400 WINSTON AVE,NORTHERN,RADNOR-WINSTON,39.349965,-76.612419,"(39.349965,-76.612419)",STREET                                            ,1,-76.612419,39.3499650000001
171938,24K35578,2024-11-09 21:30:00,6J,LARCENY,I,511.0,F,26.0,WHITE,NOT_HISPANIC_OR_LATINO,3500 HICKORY AVE,NORTHERN,HAMPDEN,39.330404,-76.633532,"(39.330404,-76.633532)",OTHER/RESIDENTIAL                                 ,1,-76.6335319999999,39.330404
174829,24K02932,2024-11-09 22:15:00,3A,ROBBERY,O,514.0,M,26.0,BLACK_OR_AFRICAN_AMERICAN,NOT_HISPANIC_OR_LATINO,MONTPELIER ST,NORTHERN,BETTER WAVERLY,39.326369,-76.608007,"(39.326369,-76.608007)",STREET                                            ,1,-76.608007,39.3263690000001
174932,24K02955,2024-11-09 23:30:00,4A,AGG. ASSAULT,I,524.0,F,37.0,WHITE,NOT_HISPANIC_OR_LATINO,500 RADNOR AVE,NORTHERN,RICHNOR SPRINGS,39.34784,-76.609251,"(39.34784,-76.609251)",OTHER/RESIDENTIAL                                 ,1,-76.609251,39.3478400000001
176629,24K02964,2024-11-10 02:45:00,4A,AGG. ASSAULT,I,524.0,M,20.0,WHITE,UNKNOWN,W COLD SPRING LN,NORTHERN,LOYOLA/NOTRE DAME,39.345167,-76.625285,"(39.345167,-76.625285)",SCHOOL                                            ,1,-76.625285,39.3451670000001
170926,24K03011,2024-11-10 06:30:00,4E,COMMON ASSAULT,I,514.0,F,26.0,BLACK_OR_AFRICAN_AMERICAN,UNKNOWN,200 E UNIVERSITY PKWY,NORTHERN,CHARLES VILLAGE,39.330688,-76.615028,"(39.330688,-76.615028)",DRUG STORE / MED  BLDG                            ,1,-76.6150279999999,39.3306880000001
170344,24K03416,2024-11-10 08:30:00,6G,LARCENY,O,733.0,F,32.0,BLACK_OR_AFRICAN_AMERICAN,UNKNOWN,2400 ETTING ST,WESTERN,PENN NORTH,39.311491,-76.641539,"(39.311491,-76.641539)",STREET                                            ,1,-76.641539,39.311491
171805,24K03094,2024-11-10 14:00:00,6J,LARCENY,I,311.0,DK,DK,DK, ,1800 FALLS RD,EASTERN,CHARLES NORTH,39.31003965911196,-76.61889506120255,"(39.31003965911196,-76.61889506120255)",SPECIALTY STORE                                   ,1,-76.618895061,39.310039659
171018,24K04055,2024-11-10 16:00:00,6J,LARCENY,I,513.0,M,31.0,WHITE,UNKNOWN,MATHEWS ST,NORTHERN,BETTER WAVERLY,39.320932,-76.607938,"(39.320932,-76.607938)",OTHER/RESIDENTIAL                                 ,1,-76.6079379999999,39.320932
170937,24K03944,2024-11-10 18:30:00,6F,LARCENY FROM AUTO,O,736.0,M,41.0,ASIAN,NOT_HISPANIC_OR_LATINO,1600 PARK AVE,WESTERN,BOLTON HILL,39.30909253959201,-76.62642993989068,"(39.30909253959201,-76.62642993989068)",STREET                                            ,1,-76.62642994,39.3090925400001
170342,24K03152,2024-11-10 20:30:00,4A,SHOOTING,I,514.0,M,40.0,BLACK_OR_AFRICAN_AMERICAN,UNKNOWN,200 E UNIVERSITY PKWY,NORTHERN,CHARLES VILLAGE,39.330688,-76.615028,"(39.330688,-76.615028)",DRUG STORE / MED  BLDG                            ,1,-76.6150279999999,39.3306880000001
176539,24K03152,2024-11-10 20:30:00,4A,AGG. ASSAULT,I,514.0,M,40.0,BLACK_OR_AFRICAN_AMERICAN,UNKNOWN,200 E UNIVERSITY PKWY,NORTHERN,CHARLES VILLAGE,39.330688,-76.615028,"(39.330688,-76.615028)",DRUG STORE / MED  BLDG                            ,1,-76.6150279999999,39.3306880000001
170935,24K03293,2024-11-10 23:00:00,7A,AUTO THEFT,O,515.0,F,38.0,WHITE,UNKNOWN,E 35TH ST,NORTHERN,WAVERLY,39.330627,-76.605195,"(39.330627,-76.605195)",STREET                                            ,1,-76.605195,39.330627
171807,24K03182,2024-11-10 23:26:00,5A,BURGLARY,I,311.0,DK,DK,DK, ,300 E NORTH AVE,EASTERN,GREENMOUNT WEST,39.311163,-76.611584,"(39.311163,-76.611584)",OTHER/RESIDENTIAL                                 ,1,-76.6115839999999,39.3111630000001
173689,24K03206,2024-11-11 00:45:00,4E,COMMON ASSAULT,I,513.0,F,34.0,BLACK_OR_AFRICAN_AMERICAN,NOT_HISPANIC_OR_LATINO,800 EXETER HALL AVE,NORTHERN,BETTER WAVERLY,39.322706,-76.606757,"(39.322706,-76.606757)",OTHER/RESIDENTIAL                                 ,1,-76.606757,39.322706
174472,24K03212,2024-11-11 00:45:00,4E,COMMON ASSAULT,I,513.0,F,34.0,BLACK_OR_AFRICAN_AMERICAN,NOT_HISPANIC_OR_LATINO,800 EXETER HALL AVE,NORTHERN,BETTER WAVERLY,39.322706,-76.606757,"(39.322706,-76.606757)",OTHER/RESIDENTIAL                                 ,1,-76.606757,39.322706
174473,24K03218,2024-11-11 02:44:00,3A,ROBBERY,O,525.0,M,25.0,ASIAN,UNKNOWN,N CHARLES ST,NORTHERN,TUSCANY-CANTERBURY,39.335825,-76.618229,"(39.335825,-76.618229)",STREET                                            ,1,-76.618229,39.3358250000001
175236,24K03222,2024-11-11 03:15:00,3A,ROBBERY,O,525.0,M,20.0,BLACK_OR_AFRICAN_AMERICAN,UNKNOWN,400 E 33RD ST,NORTHERN,OAKENSHAWE,39.328515,-76.61009,"(39.328515,-76.61009)",STREET                                            ,1,-76.61009,39.328515
174553,24K03349,2024-11-11 05:00:00,3A,ROBBERY,O,411.0,M,81.0,BLACK_OR_AFRICAN_AMERICAN,NOT_HISPANIC_OR_LATINO,THE ALAMEDA,NORTHEAST,EDNOR GARDENS-LAKESIDE,39.337127,-76.59907,"(39.337127,-76.59907)",STREET                                            ,1,-76.59907,39.3371270000001
175306,24K03236,2024-11-11 05:00:00,4E,COMMON ASSAULT,I,512.0,F,26.0,WHITE,NOT_HISPANIC_OR_LATINO,2700 MARYLAND AVE,NORTHERN,CHARLES VILLAGE,39.320785,-76.618628,"(39.320785,-76.618628)",OTHER/RESIDENTIAL                                 ,1,-76.6186279999999,39.3207850000001
174470,24K01344,2024-11-11 06:30:00,3C,ROBBERY - COMMERCIAL,I,521.0,DK,DK,DK, ,1000 W 41ST ST,NORTHERN,HOES HEIGHTS,39.33748,-76.634275,"(39.33748,-76.634275)",WHOLESALEDISC. STOR                               ,1,-76.6342749999999,39.33748
174395,24K01344,2024-11-11 06:30:00,3A,ROBBERY,I,521.0,M,33.0,WHITE,NOT_HISPANIC_OR_LATINO,1000 W 41ST ST,NORTHERN,HOES HEIGHTS,39.33748,-76.634275,"(39.33748,-76.634275)",WHOLESALEDISC. STOR                               ,1,-76.6342749999999,39.33748
174551,24K03258,2024-11-11 07:05:00,6C,LARCENY,O,515.0,DK,DK,DK, ,E 33RD ST,NORTHERN,WAVERLY,39.328548,-76.609361,"(39.328548,-76.609361)",GAS STATION                                       ,1,-76.609361,39.3285480000001
176530,24K06307,2024-11-11 08:00:00,7A,AUTO THEFT,O,521.0,F,23.0,WHITE,NOT_HISPANIC_OR_LATINO,600 SOMERSET RD,NORTHERN,KESWICK,39.341893,-76.631985,"(39.341893,-76.631985)",STREET                                            ,1,-76.631985,39.341893
175671,24K05248,2024-11-11 13:00:00,5A,BURGLARY,I,322.0,M,48.0,BLACK_OR_AFRICAN_AMERICAN,NOT_HISPANIC_OR_LATINO,1600 E FEDERAL ST,EASTERN,OLIVER,39.308532,-76.596303,"(39.308532,-76.596303)",OTHER/RESIDENTIAL                                 ,1,-76.596303,39.3085320000001
175230,24K03413,2024-11-11 13:30:00,7A,AUTO THEFT,I,525.0,M,38.0,DK,HISPANIC_OR_LATINO,200 E HIGHFIELD RD,NORTHERN,GUILFORD,39.339603,-76.614343,"(39.339603,-76.614343)",OTHER/RESIDENTIAL                                 ,1,-76.614343,39.3396030000001
174471,24K04207,2024-11-11 14:00:00,6G,LARCENY,O,511.0,F,36.0,WHITE,NOT_HISPANIC_OR_LATINO,1200 W 40TH ST,NORTHERN,HAMPDEN,39.336781,-76.636845,"(39.336781,-76.636845)",STREET                                            ,1,-76.6368449999999,39.336781
174399,24K03373,2024-11-11 14:15:00,3A,ROBBERY,O,515.0,M,36.0,DK,UNKNOWN,E 33RD ST,NORTHERN,WAVERLY,39.328548,-76.609361,"(39.328548,-76.609361)",STREET                                            ,1,-76.609361,39.3285480000001
173691,24K03460,2024-11-11 18:53:00,3C,ROBBERY - COMMERCIAL,O,315.0,DK,DK,DK, ,E 28TH ST,EASTERN,COLDSTREAM HOMESTEAD MONTEBELLO,39.323917,-76.594772,"(39.323917,-76.594772)",STREET                                            ,1,-76.594772,39.3239170000001
173690,24K03460,2024-11-11 18:53:00,3BJ,ROBBERY - CARJACKING,O,315.0,M,25.0,NATIVE_HAWAIIAN_OR_OTHER_PACIFIC_ISLANDER,UNKNOWN,E 28TH ST,EASTERN,COLDSTREAM HOMESTEAD MONTEBELLO,39.323917,-76.594772,"(39.323917,-76.594772)",STREET                                            ,1,-76.594772,39.3239170000001
175518,24K03465,2024-11-11 19:06:00,4E,COMMON ASSAULT,I,722.0,F,36.0,BLACK_OR_AFRICAN_AMERICAN,NOT_HISPANIC_OR_LATINO,1800 MCKEAN AVE,WESTERN,SANDTOWN-WINCHESTER,39.309083,-76.64717,"(39.309083,-76.64717)",OTHER/RESIDENTIAL                                 ,1,-76.64717,39.309083
174482,24K04755,2024-11-11 19:30:00,7A,AUTO THEFT,O,325.0,F,30.0,BLACK_OR_AFRICAN_AMERICAN,NOT_HISPANIC_OR_LATINO,E 25TH ST,EASTERN,DARLEY PARK,39.31609,-76.593474,"(39.31609,-76.593474)",STREET                                            ,1,-76.593474,39.31609
175309,24K03495,2024-11-11 20:50:00,6C,LARCENY,I,514.0,DK,DK,DK, ,SAINT PAUL ST,NORTHERN,CHARLES VILLAGE,39.326975,-76.616072,"(39.326975,-76.616072)",DRUG STORE / MED  BLDG                            ,1,-76.616072,39.3269750000001
175674,24K03511,2024-11-11 21:15:00,6C,LARCENY,I,524.0,DK,DK,DK, ,YORK RD,NORTHERN,RADNOR-WINSTON,39.351817,-76.60983,"(39.351817,-76.60983)",DRUG STORE / MED  BLDG                            ,1,-76.60983,39.351817
175597,24K03561,2024-11-11 22:30:00,5A,BURGLARY,I,512.0,M,38.0,WHITE,UNKNOWN,2600 HAMPDEN AVE,NORTHERN,REMINGTON,39.318789,-76.622819,"(39.318789,-76.622819)",OTHER/RESIDENTIAL                                 ,1,-76.6228189999999,39.318789
175317,24K06126,2024-11-11 22:30:00,6F,LARCENY FROM AUTO,O,515.0,M,36.0,WHITE,UNKNOWN,700 E 37TH ST,NORTHERN,WAVERLY,39.33354,-76.605535,"(39.33354,-76.605535)",STREET                                            ,1,-76.605535,39.33354
176471,24K03540,2024-11-11 22:30:00,3A,ROBBERY,O,515.0,M,36.0,WHITE,UNKNOWN,700 MCKEWIN AVE,NORTHERN,WAVERLY,39.332773,-76.6046,"(39.332773,-76.6046)",STREET                                            ,1,-76.6045999999999,39.332773
171769,24K03578,2024-11-12 03:58:00,5A,BURGLARY,O,525.0,DK,DK,DK, ,4400 YORK RD,NORTHERN,GUILFORD,39.34228,-76.609662,"(39.34228,-76.609662)",GAS STATION                                       ,1,-76.609662,39.3422800000001
171772,24K03685,2024-11-12 13:24:00,6C,LARCENY,I,524.0,DK,DK,DK, ,YORK RD,NORTHERN,RADNOR-WINSTON,39.351817,-76.60983,"(39.351817,-76.60983)",UNKNOWN                                           ,1,-76.60983,39.351817
171967,24K03694,2024-11-12 13:38:00,4A,AGG. ASSAULT,O,511.0,M,18.0,WHITE,NOT_HISPANIC_OR_LATINO,1200 W 36TH ST,NORTHERN,HAMPDEN,39.330639,-76.63579,"(39.330639,-76.63579)",PARK                                              ,1,-76.63579,39.3306390000001
171968,24K03694,2024-11-12 13:38:00,4A,AGG. ASSAULT,O,511.0,M,19.0,WHITE,NOT_HISPANIC_OR_LATINO,1200 W 36TH ST,NORTHERN,HAMPDEN,39.330639,-76.63579,"(39.330639,-76.63579)",PARK                                              ,1,-76.63579,39.3306390000001
171969,24K03694,2024-11-12 13:38:00,4A,AGG. ASSAULT,O,511.0,M,18.0,WHITE,NOT_HISPANIC_OR_LATINO,1200 W 36TH ST,NORTHERN,HAMPDEN,39.330639,-76.63579,"(39.330639,-76.63579)",PARK                                              ,1,-76.63579,39.3306390000001
171970,24K03694,2024-11-12 13:38:00,4A,AGG. ASSAULT,O,511.0,F,14.0,WHITE,UNKNOWN,1200 W 36TH ST,NORTHERN,HAMPDEN,39.330639,-76.63579,"(39.330639,-76.63579)",PARK                                              ,1,-76.63579,39.3306390000001
171972,24K03694,2024-11-12 13:38:00,4A,AGG. ASSAULT,O,511.0,M,18.0,WHITE,NOT_HISPANIC_OR_LATINO,1200 W 36TH ST,NORTHERN,HAMPDEN,39.330639,-76.63579,"(39.330639,-76.63579)",PARK                                              ,1,-76.63579,39.3306390000001
172715,24K03726,2024-11-12 14:00:00,6G,LARCENY,O,514.0,M,54.0,BLACK_OR_AFRICAN_AMERICAN,UNKNOWN,800 MONTPELIER ST,NORTHERN,BETTER WAVERLY,39.325669,-76.606376,"(39.325669,-76.606376)",STREET                                            ,1,-76.606376,39.3256690000001
169866,24K03743,2024-11-12 14:35:00,3A,ROBBERY,O,314.0,M,12.0,DK,UNKNOWN,KIRK AVE,EASTERN,EAST BALTIMORE MIDWAY,39.314776,-76.60563,"(39.314776,-76.60563)",STREET                                            ,1,-76.60563,39.3147760000001
172714,24K03937,2024-11-12 15:05:00,4E,COMMON ASSAULT,I,515.0,M,54.0,BLACK_OR_AFRICAN_AMERICAN,NOT_HISPANIC_OR_LATINO,ELLERSLIE AVE,NORTHERN,WAVERLY,39.32991,-76.60368,"(39.32991,-76.60368)",SCHOOL                                            ,1,-76.6036799999999,39.32991
171975,24K03768,2024-11-12 15:25:00,6F,LARCENY FROM AUTO,I,525.0,F,48.0,BLACK_OR_AFRICAN_AMERICAN,NOT_HISPANIC_OR_LATINO,600 DUMBARTON AVE,NORTHERN,PEN LUCY,39.33823,-76.605037,"(39.33823,-76.605037)",OTHER/RESIDENTIAL                                 ,1,-76.605037,39.3382300000001
169985,24K04084,2024-11-12 16:15:00,3A,ROBBERY,O,513.0,F,45.0,WHITE,UNKNOWN,2700 ST PAUL STREET,NORTHERN,CHARLES VILLAGE,39.3213,-76.615685,"(39.3213,-76.615685)",STREET                                            ,1,-76.615685,39.3213000000001
171874,24K04084,2024-11-12 16:15:00,3A,ROBBERY,O,513.0,M,15.0,WHITE,UNKNOWN,2700 ST PAUL STREET,NORTHERN,CHARLES VILLAGE,39.3213,-76.615685,"(39.3213,-76.615685)",STREET                                            ,1,-76.615685,39.3213000000001
169855,24K06250,2024-11-12 17:00:00,6G,LARCENY,O,521.0,M,42.0,WHITE,UNKNOWN,1400 MEDFIELD AVE,NORTHERN,MEDFIELD,39.339048,-76.641596,"(39.339048,-76.641596)",STREET                                            ,1,-76.6415959999999,39.339048
169856,24K04085,2024-11-12 18:30:00,7A,AUTO THEFT,O,524.0,DK,DK,DK, ,4600 KESWICK RD,NORTHERN,EVERGREEN,39.347433,-76.630051,"(39.347433,-76.630051)",STREET                                            ,1,-76.630051,39.3474330000001
171882,24K03793,2024-11-12 18:35:00,4A,AGG. ASSAULT,I,524.0,F,21.0,BLACK_OR_AFRICAN_AMERICAN,UNKNOWN,500 BEAUMONT AVE,NORTHERN,WINSTON-GOVANS,39.351752,-76.608995,"(39.351752,-76.608995)",OTHER/RESIDENTIAL                                 ,1,-76.6089949999999,39.351752
172865,24K03792,2024-11-12 18:35:00,4E,COMMON ASSAULT,I,524.0,F,26.0,BLACK_OR_AFRICAN_AMERICAN,UNKNOWN,500 BEAUMONT AVE,NORTHERN,WINSTON-GOVANS,39.351752,-76.608995,"(39.351752,-76.608995)",OTHER/RESIDENTIAL                                 ,1,-76.6089949999999,39.351752
172712,24K03774,2024-11-12 18:49:00,4E,COMMON ASSAULT,O,412.0,F,67.0,BLACK_OR_AFRICAN_AMERICAN,UNKNOWN,1500 HAVENWOOD RD,NORTHEAST,HILLEN,39.340603,-76.593336,"(39.340603,-76.593336)",GAS STATION                                       ,1,-76.593336,39.340603
173523,24K03807,2024-11-12 20:04:00,4E,COMMON ASSAULT,O,521.0,F,36.0,BLACK_OR_AFRICAN_AMERICAN,NOT_HISPANIC_OR_LATINO,4400 LAPLATA AVE,NORTHERN,MEDFIELD,39.343343,-76.644717,"(39.343343,-76.644717)",OTHER - OUTSIDE                                   ,1,-76.644717,39.3433430000001
172871,24K03844,2024-11-12 23:23:00,6J,LARCENY,I,411.0,M,42.0,DK,UNKNOWN,4200 WESTVIEW RD,NORTHEAST,ORIGINAL NORTHWOOD,39.341481,-76.598864,"(39.341481,-76.598864)",OTHER/RESIDENTIAL                                 ,1,-76.5988639999999,39.341481
175447,24K03864,2024-11-13 01:00:00,5A,BURGLARY,I,733.0,M,57.0,BLACK_OR_AFRICAN_AMERICAN,NOT_HISPANIC_OR_LATINO,1600 W NORTH AVE,WESTERN,SANDTOWN-WINCHESTER,39.309944,-76.643905,"(39.309944,-76.643905)",OTHER/RESIDENTIAL                                 ,1,-76.643905,39.309944
174598,24K03897,2024-11-13 07:04:00,6D,LARCENY,I,733.0,DK,DK,DK, ,2400 PENNSYLVANIA AVE,WESTERN,PENN NORTH,39.30949,-76.64191,"(39.30949,-76.64191)",CONVENIENCE STORE                                 ,1,-76.6419099999999,39.30949
175365,24K06457,2024-11-13 07:04:00,4E,COMMON ASSAULT,I,733.0,M,42.0,WHITE,NOT_HISPANIC_OR_LATINO,2400 PENNSYLVANIA AVE,WESTERN,PENN NORTH,39.30949,-76.64191,"(39.30949,-76.64191)",CONVENIENCE STORE                                 ,1,-76.6419099999999,39.30949
174600,24K03897,2024-11-13 07:04:00,4E,COMMON ASSAULT,I,733.0,M,62.0,WHITE,NOT_HISPANIC_OR_LATINO,2400 PENNSYLVANIA AVE,WESTERN,PENN NORTH,39.30949,-76.64191,"(39.30949,-76.64191)",CONVENIENCE STORE                                 ,1,-76.6419099999999,39.30949
169772,24K04090,2024-11-13 10:00:00,5A,BURGLARY,I,513.0,F,37.0,BLACK_OR_AFRICAN_AMERICAN,NOT_HISPANIC_OR_LATINO,800 EXETER HALL AVE,NORTHERN,BETTER WAVERLY,39.322549,-76.606208,"(39.322549,-76.606208)",OTHER/RESIDENTIAL                                 ,1,-76.606208,39.322549
174508,24K04090,2024-11-13 10:00:00,5A,BURGLARY,I,513.0,F,22.0,BLACK_OR_AFRICAN_AMERICAN,NOT_HISPANIC_OR_LATINO,800 EXETER HALL AVE,NORTHERN,BETTER WAVERLY,39.322549,-76.606208,"(39.322549,-76.606208)",OTHER/RESIDENTIAL                                 ,1,-76.606208,39.322549
174506,24K04086,2024-11-13 13:00:00,6F,LARCENY FROM AUTO,O,735.0,F,62.0,WHITE,NOT_HISPANIC_OR_LATINO,2000 PARK AVE,WESTERN,RESERVOIR HILL,39.313335,-76.62872,"(39.313335,-76.62872)",STREET                                            ,1,-76.62872,39.3133350000001
175369,24K03993,2024-11-13 13:45:00,4E,COMMON ASSAULT,I,525.0,F,23.0,BLACK_OR_AFRICAN_AMERICAN,UNKNOWN,GREENMOUNT AVE,NORTHERN,GUILFORD,39.333734,-76.60955,"(39.333734,-76.60955)",OTHER/RESIDENTIAL                                 ,1,-76.60955,39.333734
174591,24K04024,2024-11-13 14:10:00,3C,ROBBERY - COMMERCIAL,I,733.0,DK,DK,DK, ,2200 N FULTON AVE,WESTERN,PENN NORTH,39.313469,-76.645922,"(39.313469,-76.645922)",CONVENIENCE STORE                                 ,1,-76.645922,39.3134690000001
174510,24K04024,2024-11-13 14:10:00,3A,ROBBERY,I,733.0,M,31.0,DK,NOT_HISPANIC_OR_LATINO,2200 N FULTON AVE,WESTERN,PENN NORTH,39.313469,-76.645922,"(39.313469,-76.645922)",CONVENIENCE STORE                                 ,1,-76.645922,39.3134690000001
176136,24K04075,2024-11-13 15:45:00,4E,COMMON ASSAULT,I,514.0,F,35.0,WHITE,UNKNOWN,3400 N CALVERT ST,NORTHERN,CHARLES VILLAGE,39.32928113697195,-76.61490116108249,"(39.32928113697195,-76.61490116108249)",DRUG STORE / MED  BLDG                            ,1,-76.614901161,39.3292811370001
176128,24K04221,2024-11-13 17:30:00,6F,LARCENY FROM AUTO,I,511.0,F,31.0,BLACK_OR_AFRICAN_AMERICAN,UNKNOWN,3900 FALLS RD,NORTHERN,HAMPDEN,39.336487,-76.636697,"(39.336487,-76.636697)",OTHER/RESIDENTIAL                                 ,1,-76.636697,39.336487
176127,24K04221,2024-11-13 17:30:00,6F,LARCENY FROM AUTO,I,511.0,M,6.0,BLACK_OR_AFRICAN_AMERICAN,UNKNOWN,3900 FALLS RD,NORTHERN,HAMPDEN,39.336487,-76.636697,"(39.336487,-76.636697)",OTHER/RESIDENTIAL                                 ,1,-76.636697,39.336487
176126,24K04221,2024-11-13 17:30:00,6F,LARCENY FROM AUTO,I,511.0,F,6.0,BLACK_OR_AFRICAN_AMERICAN,UNKNOWN,3900 FALLS RD,NORTHERN,HAMPDEN,39.336487,-76.636697,"(39.336487,-76.636697)",OTHER/RESIDENTIAL                                 ,1,-76.636697,39.336487
175512,24K04163,2024-11-13 18:00:00,7A,AUTO THEFT,O,524.0,M,41.0,BLACK_OR_AFRICAN_AMERICAN,NOT_HISPANIC_OR_LATINO,300 RADNOR RD,NORTHERN,RADNOR-WINSTON,39.348102,-76.612637,"(39.348102,-76.612637)",STREET                                            ,1,-76.6126369999999,39.348102
173807,24K04097,2024-11-13 18:15:00,7A,AUTO THEFT,O,514.0,M,44.0,BLACK_OR_AFRICAN_AMERICAN,NOT_HISPANIC_OR_LATINO,GREENMOUNT AVE,NORTHERN,ABELL,39.326133,-76.60948,"(39.326133,-76.60948)",STREET                                            ,1,-76.60948,39.326133
175443,24K04237,2024-11-13 22:00:00,6G,LARCENY,O,511.0,F,28.0,WHITE,UNKNOWN,3300 PAINE ST,NORTHERN,HAMPDEN,39.327661,-76.630389,"(39.327661,-76.630389)",STREET                                            ,1,-76.630389,39.327661
174509,24K04356,2024-11-13 22:50:00,7A,AUTO THEFT,O,524.0,M,21.0,BLACK_OR_AFRICAN_AMERICAN,NOT_HISPANIC_OR_LATINO,500 CHATEAU AVE,NORTHERN,WINSTON-GOVANS,39.350738,-76.60776,"(39.350738,-76.60776)",STREET                                            ,1,-76.60776,39.350738
174504,24K04366,2024-11-13 23:00:00,7A,AUTO THEFT,O,524.0,M,21.0,WHITE,UNKNOWN,400 NOTRE DAME LN,NORTHERN,RADNOR-WINSTON,39.351773,-76.611131,"(39.351773,-76.611131)",STREET                                            ,1,-76.6111309999999,39.351773
174659,24K04264,2024-11-13 23:00:00,7A,AUTO THEFT,O,524.0,M,68.0,BLACK_OR_AFRICAN_AMERICAN,UNKNOWN,300 ROSSITER AVE,NORTHERN,RADNOR-WINSTON,39.348985,-76.613031,"(39.348985,-76.613031)",STREET                                            ,1,-76.613031,39.348985
176052,24K04160,2024-11-13 23:50:00,4A,AGG. ASSAULT,O,513.0,F,30.0,BLACK_OR_AFRICAN_AMERICAN,UNKNOWN,E 28TH ST,NORTHERN,CHARLES VILLAGE,39.32204988664723,-76.6155792643644,"(39.32204988664723,-76.6155792643644)",STREET                                            ,1,-76.615579264,39.322049887
172764,24K04173,2024-11-14 00:00:00,7A,AUTO THEFT,O,314.0,M,30.0,BLACK_OR_AFRICAN_AMERICAN,NOT_HISPANIC_OR_LATINO,E 25TH ST,EASTERN,COLDSTREAM HOMESTEAD MONTEBELLO,39.31676466714651,-76.5957538038889,"(39.31676466714651,-76.5957538038889)",STREET                                            ,1,-76.595753804,39.316764667
171721,24K04188,2024-11-14 00:33:00,3A,ROBBERY,O,314.0,M,54.0,BLACK_OR_AFRICAN_AMERICAN,UNKNOWN,E 25TH ST,EASTERN,COLDSTREAM HOMESTEAD MONTEBELLO,39.31777117495207,-76.59985968960541,"(39.31777117495207,-76.59985968960541)",STREET                                            ,1,-76.59985969,39.3177711750001
171722,24K04190,2024-11-14 02:13:00,8A,ARSON,I,511.0,F,44.0,WHITE,NOT_HISPANIC_OR_LATINO,3500 KESWICK RD,NORTHERN,WYMAN PARK,39.330123,-76.627875,"(39.330123,-76.627875)",OTHER/RESIDENTIAL                                 ,1,-76.627875,39.3301230000001
171723,24K04190,2024-11-14 02:13:00,5A,BURGLARY,I,511.0,F,44.0,WHITE,NOT_HISPANIC_OR_LATINO,3500 KESWICK RD,NORTHERN,WYMAN PARK,39.330123,-76.627875,"(39.330123,-76.627875)",OTHER/RESIDENTIAL                                 ,1,-76.627875,39.3301230000001
172524,24K04907,2024-11-14 07:00:00,6F,LARCENY FROM AUTO,O,511.0,F,70.0,WHITE,NOT_HISPANIC_OR_LATINO,W 37TH ST,NORTHERN,HAMPDEN,39.332221,-76.637336,"(39.332221,-76.637336)",STREET                                            ,1,-76.6373359999999,39.3322210000001
171647,24K04907,2024-11-14 07:00:00,6F,LARCENY FROM AUTO,O,511.0,M,46.0,WHITE,NOT_HISPANIC_OR_LATINO,W 37TH ST,NORTHERN,HAMPDEN,39.332221,-76.637336,"(39.332221,-76.637336)",STREET                                            ,1,-76.6373359999999,39.3322210000001
173713,24K04225,2024-11-14 08:30:00,4E,COMMON ASSAULT,I,313.0,M,58.0,BLACK_OR_AFRICAN_AMERICAN,UNKNOWN,400 E 25TH ST,EASTERN,BARCLAY,39.317994,-76.611233,"(39.317994,-76.611233)",OTHER/RESIDENTIAL                                 ,1,-76.611233,39.3179940000001
171726,24K06560,2024-11-14 09:00:00,6J,LARCENY,I,524.0,M,54.0,WHITE,NOT_HISPANIC_OR_LATINO,4700 KESWICK RD,NORTHERN,ROLAND PARK,39.34938,-76.630187,"(39.34938,-76.630187)",OTHER/RESIDENTIAL                                 ,1,-76.630187,39.3493800000001
171731,24K35611,2024-11-14 09:04:00,6J,LARCENY,I,511.0,M,32.0,WHITE,UNKNOWN,800 W 33RD ST,NORTHERN,HAMPDEN,39.327006,-76.631227,"(39.327006,-76.631227)",OTHER/RESIDENTIAL                                 ,1,-76.631227,39.327006
172522,24K08879,2024-11-14 09:07:00,6J,LARCENY,I,511.0,M,42.0,WHITE,NOT_HISPANIC_OR_LATINO,800 W 33RD ST,NORTHERN,HAMPDEN,39.327021,-76.63087,"(39.327021,-76.63087)",OTHER/RESIDENTIAL                                 ,1,-76.63087,39.3270210000001
172683,24K04250,2024-11-14 09:15:00,4A,AGG. ASSAULT,O,511.0,M,57.0,BLACK_OR_AFRICAN_AMERICAN,NOT_HISPANIC_OR_LATINO,W 37TH ST,NORTHERN,HAMPDEN,39.332221,-76.637336,"(39.332221,-76.637336)",STREET                                            ,1,-76.6373359999999,39.3322210000001
171727,24K04342,2024-11-14 14:50:00,4A,AGG. ASSAULT,I,524.0,M,47.0,BLACK_OR_AFRICAN_AMERICAN,UNKNOWN,200 W COLD SPRING LN,NORTHERN,EVERGREEN,39.345034,-76.627161,"(39.345034,-76.627161)",CONVENIENCE STORE                                 ,1,-76.6271609999999,39.3450340000001
171734,24K04342,2024-11-14 14:50:00,4A,SHOOTING,I,524.0,M,47.0,BLACK_OR_AFRICAN_AMERICAN,UNKNOWN,200 W COLD SPRING LN,NORTHERN,EVERGREEN,39.345034,-76.627161,"(39.345034,-76.627161)",CONVENIENCE STORE                                 ,1,-76.6271609999999,39.3450340000001
171570,24K04709,2024-11-14 15:00:00,6F,LARCENY FROM AUTO,O,511.0,F,73.0,WHITE,NOT_HISPANIC_OR_LATINO,1300 W 40TH ST,NORTHERN,HAMPDEN,39.336464,-76.637995,"(39.336464,-76.637995)",STREET                                            ,1,-76.637995,39.336464
173800,24K04504,2024-11-14 16:00:00,2A,RAPE,I,412.0,F,16.0,BLACK_OR_AFRICAN_AMERICAN,UNKNOWN,1300 KITMORE RD,NORTHEAST,NEW NORTHWOOD,39.35054,-76.596225,"(39.35054,-76.596225)",OTHER/RESIDENTIAL                                 ,1,-76.5962249999999,39.3505400000001
171102,24K04386,2024-11-14 17:00:00,4E,COMMON ASSAULT,I,412.0,F,74.0,BLACK_OR_AFRICAN_AMERICAN,NOT_HISPANIC_OR_LATINO,1300 STONEWOOD RD,NORTHEAST,NEW NORTHWOOD,39.349325,-76.595144,"(39.349325,-76.595144)",OTHER/RESIDENTIAL                                 ,1,-76.5951439999999,39.3493250000001
173576,24K04435,2024-11-14 20:40:00,3A,ROBBERY,O,512.0,M,38.0,WHITE,UNKNOWN,2700 N CHARLES ST,NORTHERN,CHARLES VILLAGE,39.320698,-76.617109,"(39.320698,-76.617109)",STREET                                            ,1,-76.617109,39.320698
173702,24K04450,2024-11-14 21:25:00,4E,COMMON ASSAULT,I,312.0,M,40.0,WHITE,UNKNOWN,2400 N CHARLES ST,EASTERN,OLD GOUCHER,39.316408,-76.616826,"(39.316408,-76.616826)",GROCERY/CONFECTION                                ,1,-76.6168259999999,39.316408
173579,24K04450,2024-11-14 21:25:00,4E,COMMON ASSAULT,I,312.0,DK,DK,DK, ,2400 N CHARLES ST,EASTERN,OLD GOUCHER,39.316408,-76.616826,"(39.316408,-76.616826)",GROCERY/CONFECTION                                ,1,-76.6168259999999,39.316408
170951,24K04515,2024-11-15 06:35:00,6D,LARCENY,I,521.0,DK,DK,DK, ,1000 W 41ST ST,NORTHERN,HOES HEIGHTS,39.33748,-76.634275,"(39.33748,-76.634275)",GROCERY/CONFECTION                                ,1,-76.6342749999999,39.33748
170949,24K04916,2024-11-15 10:10:00,7A,AUTO THEFT,O,512.0,M,44.0,UNKNOWN,HISPANIC_OR_LATINO,W 27TH ST,NORTHERN,REMINGTON,39.31951765544649,-76.62276224080175,"(39.31951765544649,-76.62276224080175)",STREET                                            ,1,-76.622762241,39.319517655
171025,24K04609,2024-11-15 11:55:00,6C,LARCENY,I,314.0,DK,DK,DK, ,2000 HARFORD RD,EASTERN,EAST BALTIMORE MIDWAY,39.313487,-76.598787,"(39.313487,-76.598787)",WHOLESALEDISC. STOR                               ,1,-76.598787,39.3134870000001
170101,24K05093,2024-11-15 12:00:00,6J,LARCENY,I,524.0,F,34.0,BLACK_OR_AFRICAN_AMERICAN,NOT_HISPANIC_OR_LATINO,500 RICHWOOD AVE,NORTHERN,RICHNOR SPRINGS,39.347017,-76.608984,"(39.347017,-76.608984)",OTHER/RESIDENTIAL                                 ,1,-76.608984,39.3470170000001
170235,24K04633,2024-11-15 13:00:00,3A,ROBBERY,O,313.0,F,59.0,WHITE,NOT_HISPANIC_OR_LATINO,E 25TH ST,EASTERN,HARWOOD,39.318055,-76.612781,"(39.318055,-76.612781)",STREET                                            ,1,-76.612781,39.3180550000001
176369,24K04643,2024-11-15 13:00:00,4A,AGG. ASSAULT,O,322.0,M,45.0,UNKNOWN,HISPANIC_OR_LATINO,E NORTH AVE,EASTERN,EAST BALTIMORE MIDWAY,39.311989,-76.599286,"(39.311989,-76.599286)",STREET                                            ,1,-76.5992859999999,39.311989
176378,24K35646,2024-11-15 13:34:00,6J,LARCENY,I,512.0,M,39.0,WHITE,NOT_HISPANIC_OR_LATINO,3100 KESWICK RD,NORTHERN,HAMPDEN,39.324776,-76.627712,"(39.324776,-76.627712)",OTHER/RESIDENTIAL                                 ,1,-76.627712,39.324776
176310,24K35698,2024-11-15 13:41:00,6J,LARCENY,I,312.0,F,30.0,WHITE,UNKNOWN,MARYLAND AVE,EASTERN,CHARLES NORTH,39.312223,-76.618055,"(39.312223,-76.618055)",OTHER/RESIDENTIAL                                 ,1,-76.618055,39.3122230000001
176370,24K04649,2024-11-15 13:50:00,4E,COMMON ASSAULT,O,322.0,F,30.0,BLACK_OR_AFRICAN_AMERICAN,UNKNOWN,1200 E LAFAYETTE AVE,EASTERN,OLIVER,39.310426,-76.602101,"(39.310426,-76.602101)",STREET                                            ,1,-76.6021009999999,39.3104260000001
171030,24K04670,2024-11-15 14:10:00,6J,LARCENY,O,514.0,M,22.0,BLACK_OR_AFRICAN_AMERICAN,UNKNOWN,600 MONTPELIER ST,NORTHERN,BETTER WAVERLY,39.326364,-76.607977,"(39.326364,-76.607977)",STREET                                            ,1,-76.6079769999999,39.3263640000001
175906,24K04687,2024-11-15 16:18:00,4E,COMMON ASSAULT,I,325.0,M,42.0,BLACK_OR_AFRICAN_AMERICAN,NOT_HISPANIC_OR_LATINO,1700 CLIFTVIEW AVE,EASTERN,DARLEY PARK,39.315209,-76.593867,"(39.315209,-76.593867)",OTHER/RESIDENTIAL                                 ,1,-76.593867,39.315209
170103,24K04769,2024-11-15 19:20:00,5A,BURGLARY,I,735.0,F,36.0,BLACK_OR_AFRICAN_AMERICAN,UNKNOWN,2100 CALLOW AVE,WESTERN,RESERVOIR HILL,39.311982,-76.631231,"(39.311982,-76.631231)",OTHER/RESIDENTIAL                                 ,1,-76.631231,39.3119820000001
176377,24K05016,2024-11-15 20:00:00,7A,AUTO THEFT,I,525.0,M,85.0,BLACK_OR_AFRICAN_AMERICAN,NOT_HISPANIC_OR_LATINO,800 GILRUBIN CT,NORTHERN,PEN LUCY,39.341667,-76.603657,"(39.341667,-76.603657)",OTHER/RESIDENTIAL                                 ,1,-76.6036569999999,39.341667
176467,24K04817,2024-11-15 20:40:00,6F,LARCENY FROM AUTO,O,525.0,F,22.0,BLACK_OR_AFRICAN_AMERICAN,UNKNOWN,OAKLAND AVE,NORTHERN,WILSON PARK,39.34351734394172,-76.60945990430632,"(39.34351734394172,-76.60945990430632)",STREET                                            ,1,-76.6094599039999,39.3435173440001
170108,24K04801,2024-11-15 21:00:00,4E,COMMON ASSAULT,O,314.0,F,46.0,BLACK_OR_AFRICAN_AMERICAN,UNKNOWN,HOMEWOOD AVE,EASTERN,EAST BALTIMORE MIDWAY,39.312018,-76.607224,"(39.312018,-76.607224)",STREET                                            ,1,-76.607224,39.3120180000001
170110,24K04882,2024-11-15 23:00:00,6F,LARCENY FROM AUTO,O,412.0,F,50.0,BLACK_OR_AFRICAN_AMERICAN,UNKNOWN,1300 PENTRIDGE RD,NORTHEAST,NEW NORTHWOOD,39.347935,-76.593725,"(39.347935,-76.593725)",STREET                                            ,1,-76.5937249999999,39.3479350000001
172196,24K04852,2024-11-16 00:57:00,4E,COMMON ASSAULT,I,412.0,F,26.0,BLACK_OR_AFRICAN_AMERICAN,NOT_HISPANIC_OR_LATINO,1300 CROFTON RD,NORTHEAST,NEW NORTHWOOD,39.347033,-76.592977,"(39.347033,-76.592977)",OTHER/RESIDENTIAL                                 ,1,-76.592977,39.3470330000001
175899,24K04860,2024-11-16 01:15:00,4E,COMMON ASSAULT,O,514.0,F,49.0,BLACK_OR_AFRICAN_AMERICAN,NOT_HISPANIC_OR_LATINO,3100 GREENMOUNT AVE,NORTHERN,ABELL,39.326866,-76.609485,"(39.326866,-76.609485)",STREET                                            ,1,-76.6094849999999,39.3268660000001
172927,24K04893,2024-11-16 03:00:00,4E,COMMON ASSAULT,I,711.0,M,46.0,BLACK_OR_AFRICAN_AMERICAN,NOT_HISPANIC_OR_LATINO,1700 N CAREY ST,WESTERN,SANDTOWN-WINCHESTER,39.308966,-76.643032,"(39.308966,-76.643032)",OTHER/RESIDENTIAL                                 ,1,-76.6430319999999,39.3089660000001
172276,24K05003,2024-11-16 03:00:00,6F,LARCENY FROM AUTO,O,525.0,F,60.0,BLACK_OR_AFRICAN_AMERICAN,NOT_HISPANIC_OR_LATINO,N CHARLES ST,NORTHERN,TUSCANY-CANTERBURY,39.335825,-76.618229,"(39.335825,-76.618229)",STREET                                            ,1,-76.618229,39.3358250000001
172924,24K04886,2024-11-16 03:45:00,4E,COMMON ASSAULT,I,512.0,M,41.0,BLACK_OR_AFRICAN_AMERICAN,UNKNOWN,2900 N CHARLES ST,NORTHERN,CHARLES VILLAGE,39.323308,-76.617268,"(39.323308,-76.617268)",OTHER/RESIDENTIAL                                 ,1,-76.617268,39.3233080000001
172926,24K04892,2024-11-16 04:50:00,5A,BURGLARY,I,525.0,M,50.0,WHITE,NOT_HISPANIC_OR_LATINO,3800 FENCHURCH RD,NORTHERN,GUILFORD,39.334265,-76.611834,"(39.334265,-76.611834)",OTHER/RESIDENTIAL                                 ,1,-76.611834,39.3342650000001
173098,24K04896,2024-11-16 05:25:00,3A,ROBBERY,O,315.0,M,58.0,BLACK_OR_AFRICAN_AMERICAN,UNKNOWN,THE ALAMEDA,EASTERN,COLDSTREAM HOMESTEAD MONTEBELLO,39.32660645469493,-76.5944389360234,"(39.32660645469493,-76.5944389360234)",STREET                                            ,1,-76.594438936,39.326606455
172119,24K04935,2024-11-16 10:23:00,6J,LARCENY,I,314.0,DK,DK,DK, ,2000 HARFORD RD,EASTERN,EAST BALTIMORE MIDWAY,39.313487,-76.598787,"(39.313487,-76.598787)",WHOLESALEDISC. STOR                               ,1,-76.598787,39.3134870000001
175826,24K04950,2024-11-16 11:53:00,6J,LARCENY,I,314.0,DK,DK,DK, ,2000 HARFORD RD,EASTERN,EAST BALTIMORE MIDWAY,39.313487,-76.598787,"(39.313487,-76.598787)",CONVENIENCE STORE                                 ,1,-76.598787,39.3134870000001
173786,24K05057,2024-11-16 15:50:00,5A,BURGLARY,I,733.0,F,46.0,BLACK_OR_AFRICAN_AMERICAN,UNKNOWN,2400 WOODBROOK AVE,WESTERN,PENN NORTH,39.311117,-76.641833,"(39.311117,-76.641833)",OTHER/RESIDENTIAL                                 ,1,-76.641833,39.311117
172194,24K05217,2024-11-16 18:00:00,6G,LARCENY,O,525.0,F,43.0,BLACK_OR_AFRICAN_AMERICAN,NOT_HISPANIC_OR_LATINO,600 WILLOW AVE,NORTHERN,WILSON PARK,39.344181,-76.605988,"(39.344181,-76.605988)",STREET                                            ,1,-76.605988,39.344181
173876,24K05100,2024-11-16 20:49:00,6C,LARCENY,I,312.0,DK,DK,DK, ,2000 N CHARLES ST,EASTERN,CHARLES NORTH,39.312497,-76.616724,"(39.312497,-76.616724)",GROCERY/CONFECTION                                ,1,-76.616724,39.3124970000001
173864,24K05320,2024-11-16 21:15:00,6G,LARCENY,O,525.0,F,25.0,WHITE,UNKNOWN,800 WILBERT AVE,NORTHERN,WILSON PARK,39.345006,-76.604456,"(39.345006,-76.604456)",STREET                                            ,1,-76.604456,39.3450060000001
173026,24K05123,2024-11-16 21:45:00,4E,COMMON ASSAULT,I,512.0,F,27.0,BLACK_OR_AFRICAN_AMERICAN,NOT_HISPANIC_OR_LATINO,2700 MILES AVE,NORTHERN,REMINGTON,39.319995,-76.622979,"(39.319995,-76.622979)",OTHER/RESIDENTIAL                                 ,1,-76.622979,39.3199950000001
171483,24K05154,2024-11-16 23:00:00,6J,LARCENY,I,512.0,F,47.0,BLACK_OR_AFRICAN_AMERICAN,NOT_HISPANIC_OR_LATINO,100 W 29TH ST,NORTHERN,CHARLES VILLAGE,39.323039,-76.619488,"(39.323039,-76.619488)",OTHER/RESIDENTIAL                                 ,1,-76.619488,39.3230390000001
172191,24K05144,2024-11-16 23:53:00,4A,AGG. ASSAULT,O,515.0,M,59.0,WHITE,NOT_HISPANIC_OR_LATINO,500 E 38TH ST,NORTHERN,WAVERLY,39.335273,-76.608784,"(39.335273,-76.608784)",STREET                                            ,1,-76.608784,39.335273
170714,24K05167,2024-11-17 00:40:00,4E,COMMON ASSAULT,O,514.0,M,47.0,BLACK_OR_AFRICAN_AMERICAN,UNKNOWN,3200 SAINT PAUL ST,NORTHERN,CHARLES VILLAGE,39.326987,-76.6158,"(39.326987,-76.6158)",STREET                                            ,1,-76.6158,39.326987
173970,24K07470,2024-11-17 11:07:00,6J,LARCENY,I,512.0,F,38.0,WHITE,UNKNOWN,2700 ATKINSON AVE,NORTHERN,REMINGTON,39.319265,-76.624098,"(39.319265,-76.624098)",OTHER/RESIDENTIAL                                 ,1,-76.6240979999999,39.319265
169691,24K05271,2024-11-17 13:20:00,4A,AGG. ASSAULT,O,314.0,F,27.0,BLACK_OR_AFRICAN_AMERICAN,NOT_HISPANIC_OR_LATINO,E 25TH ST,EASTERN,COLDSTREAM HOMESTEAD MONTEBELLO,39.31732,-76.597979,"(39.31732,-76.597979)",STREET                                            ,1,-76.597979,39.3173200000001
171399,24K05598,2024-11-17 14:00:00,3BJ,ROBBERY - CARJACKING,O,712.0,M,31.0,BLACK_OR_AFRICAN_AMERICAN,NOT_HISPANIC_OR_LATINO,MCCULLOH ST,WESTERN,DRUID HEIGHTS,39.309626,-76.636665,"(39.309626,-76.636665)",STREET                                            ,1,-76.6366649999999,39.309626
170706,24K05310,2024-11-17 14:53:00,6C,LARCENY,I,514.0,DK,DK,DK, ,SAINT PAUL ST,NORTHERN,CHARLES VILLAGE,39.326975,-76.616072,"(39.326975,-76.616072)",CONVENIENCE STORE                                 ,1,-76.616072,39.3269750000001
174616,24K07060,2024-11-17 15:00:00,6F,LARCENY FROM AUTO,O,314.0,F,24.0,WHITE,UNKNOWN,600 E 25TH ST,EASTERN,EAST BALTIMORE MIDWAY,39.318179,-76.60629,"(39.318179,-76.60629)",CAR LOT-NEW/USED                                  ,1,-76.6062899999999,39.318179
174605,24K05348,2024-11-17 16:45:00,4A,AGG. ASSAULT,I,322.0,F,31.0,BLACK_OR_AFRICAN_AMERICAN,NOT_HISPANIC_OR_LATINO,1600 N SPRING ST,EASTERN,OLIVER,39.30919,-76.598984,"(39.30919,-76.598984)",OTHER/RESIDENTIAL                                 ,1,-76.598984,39.3091900000001
170589,24K05617,2024-11-17 18:00:00,6G,LARCENY,O,732.0,F,75.0,BLACK_OR_AFRICAN_AMERICAN,UNKNOWN,PARKWOOD AVE,WESTERN,AUCHENTOROLY-PARKWOOD,39.315772,-76.646849,"(39.315772,-76.646849)",STREET                                            ,1,-76.646849,39.315772
170586,24K05401,2024-11-17 19:30:00,2A,RAPE,O,524.0,F,13.0,WHITE,NOT_HISPANIC_OR_LATINO,YORK RD,NORTHERN,RADNOR-WINSTON,39.349089,-76.60975,"(39.349089,-76.60975)",STREET                                            ,1,-76.60975,39.349089
170584,24K05537,2024-11-17 20:00:00,6F,LARCENY FROM AUTO,O,535.0,F,49.0,WHITE,UNKNOWN,2000 ROCKROSE AVE,NORTHERN,WOODBERRY,39.334015,-76.648109,"(39.334015,-76.648109)",STREET                                            ,1,-76.648109,39.3340150000001
171397,24K05389,2024-11-17 20:05:00,3A,ROBBERY,O,735.0,M,24.0,BLACK_OR_AFRICAN_AMERICAN,NOT_HISPANIC_OR_LATINO,WHITELOCK ST,WESTERN,RESERVOIR HILL,39.314481,-76.632673,"(39.314481,-76.632673)",STREET                                            ,1,-76.632673,39.3144810000001
171396,24K05389,2024-11-17 20:05:00,3A,ROBBERY,O,735.0,M,23.0,BLACK_OR_AFRICAN_AMERICAN,NOT_HISPANIC_OR_LATINO,WHITELOCK ST,WESTERN,RESERVOIR HILL,39.314481,-76.632673,"(39.314481,-76.632673)",STREET                                            ,1,-76.632673,39.3144810000001
174614,24K05409,2024-11-17 22:00:00,4E,COMMON ASSAULT,I,524.0,F,28.0,BLACK_OR_AFRICAN_AMERICAN,NOT_HISPANIC_OR_LATINO,800 E COLD SPRING LN,NORTHERN,WILSON PARK,39.345474,-76.603928,"(39.345474,-76.603928)",OTHER/RESIDENTIAL                                 ,1,-76.6039279999999,39.345474
173965,24K05418,2024-11-17 22:40:00,6F,LARCENY FROM AUTO,O,512.0,F,47.0,BLACK_OR_AFRICAN_AMERICAN,NOT_HISPANIC_OR_LATINO,2200 N HOWARD ST,NORTHERN,OLD GOUCHER,39.314247,-76.619414,"(39.314247,-76.619414)",GAS STATION                                       ,1,-76.6194139999999,39.3142470000001
173819,24K05425,2024-11-17 23:00:00,3BJ,ROBBERY - CARJACKING,O,314.0,F,69.0,BLACK_OR_AFRICAN_AMERICAN,NOT_HISPANIC_OR_LATINO,AISQUITH ST,EASTERN,EAST BALTIMORE MIDWAY,39.315527,-76.600077,"(39.315527,-76.600077)",STREET                                            ,1,-76.6000769999999,39.315527
172339,24K05465,2024-11-18 01:00:00,7A,AUTO THEFT,O,411.0,F,38.0,WHITE,NOT_HISPANIC_OR_LATINO,KENNEWICK RD,NORTHEAST,EDNOR GARDENS-LAKESIDE,39.334624,-76.594246,"(39.334624,-76.594246)",STREET                                            ,1,-76.5942459999999,39.3346240000001
173066,24K05440,2024-11-18 01:28:00,6C,LARCENY,I,511.0,DK,DK,DK, ,900 W 36TH ST,NORTHERN,HAMPDEN,39.331203,-76.631536,"(39.331203,-76.631536)",CONVENIENCE STORE                                 ,1,-76.631536,39.3312030000001
173161,24K05493,2024-11-18 08:00:00,6J,LARCENY,I,314.0,F,26.0,WHITE,UNKNOWN,2100 HOMEWOOD AVE,EASTERN,EAST BALTIMORE MIDWAY,39.313706,-76.607183,"(39.313706,-76.607183)",OTHER/RESIDENTIAL                                 ,1,-76.607183,39.313706
172235,24K05532,2024-11-18 10:58:00,4A,AGG. ASSAULT,I,312.0,M,52.0,WHITE,HISPANIC_OR_LATINO,2300 MARYLAND AVE,EASTERN,OLD GOUCHER,39.315318,-76.618112,"(39.315318,-76.618112)",OTHER/RESIDENTIAL                                 ,1,-76.6181119999999,39.315318
170765,24K05586,2024-11-18 14:03:00,4E,COMMON ASSAULT,I,314.0,F,22.0,BLACK_OR_AFRICAN_AMERICAN,NOT_HISPANIC_OR_LATINO,2000 HARFORD RD,EASTERN,EAST BALTIMORE MIDWAY,39.313487,-76.598787,"(39.313487,-76.598787)",WHOLESALEDISC. STOR                               ,1,-76.598787,39.3134870000001
170766,24K05586,2024-11-18 14:03:00,4E,COMMON ASSAULT,I,314.0,F,28.0,BLACK_OR_AFRICAN_AMERICAN,NOT_HISPANIC_OR_LATINO,2000 HARFORD RD,EASTERN,EAST BALTIMORE MIDWAY,39.313487,-76.598787,"(39.313487,-76.598787)",WHOLESALEDISC. STOR                               ,1,-76.598787,39.3134870000001
172244,24K06066,2024-11-18 19:00:00,3A,ROBBERY,O,511.0,M,17.0,AMERICAN_INDIAN_OR_ALASKA_NATIVE,NOT_HISPANIC_OR_LATINO,CHESTNUT AVE,NORTHERN,HAMPDEN,39.328725,-76.629324,"(39.328725,-76.629324)",STREET                                            ,1,-76.6293239999999,39.3287250000001
170678,24K05680,2024-11-18 19:05:00,7A,AUTO THEFT,O,322.0,M,40.0,BLACK_OR_AFRICAN_AMERICAN,NOT_HISPANIC_OR_LATINO,AISQUITH ST,EASTERN,OLIVER,39.31037005470618,-76.60264398966193,"(39.31037005470618,-76.60264398966193)",SHED/GARAGE                                       ,1,-76.6026439899999,39.3103700550001
171493,24K05711,2024-11-18 20:59:00,3C,ROBBERY - COMMERCIAL,I,524.0,DK,DK,DK, ,YORK RD,NORTHERN,RADNOR-WINSTON,39.351817,-76.60983,"(39.351817,-76.60983)",DRUG STORE / MED  BLDG                            ,1,-76.60983,39.351817
171494,24K05711,2024-11-18 20:59:00,3A,ROBBERY,I,524.0,M,19.0,BLACK_OR_AFRICAN_AMERICAN,NOT_HISPANIC_OR_LATINO,YORK RD,NORTHERN,RADNOR-WINSTON,39.351817,-76.60983,"(39.351817,-76.60983)",DRUG STORE / MED  BLDG                            ,1,-76.60983,39.351817
169710,24K05756,2024-11-19 00:02:00,6J,LARCENY,I,322.0,F,32.0,BLACK_OR_AFRICAN_AMERICAN,UNKNOWN,1600 N SPRING ST,EASTERN,OLIVER,39.30919,-76.598984,"(39.30919,-76.598984)",OTHER/RESIDENTIAL                                 ,1,-76.598984,39.3091900000001
169882,24K05750,2024-11-19 00:44:00,4E,COMMON ASSAULT,I,514.0,M,30.0,BLACK_OR_AFRICAN_AMERICAN,UNKNOWN,3400 N CALVERT ST,NORTHERN,CHARLES VILLAGE,39.32928113697195,-76.61490116108249,"(39.32928113697195,-76.61490116108249)",DRUG STORE / MED  BLDG                            ,1,-76.614901161,39.3292811370001
170665,24K05782,2024-11-19 05:10:00,6C,LARCENY,I,511.0,DK,DK,DK, ,3600 KESWICK RD,NORTHERN,WYMAN PARK,39.332177,-76.628007,"(39.332177,-76.628007)",CONVENIENCE STORE                                 ,1,-76.628007,39.3321770000001
168904,24K05831,2024-11-19 08:50:00,4E,COMMON ASSAULT,I,322.0,M,42.0,BLACK_OR_AFRICAN_AMERICAN,NOT_HISPANIC_OR_LATINO,N BROADWAY,EASTERN,EAST BALTIMORE MIDWAY,39.313403,-76.596804,"(39.313403,-76.596804)",PUBLIC BUILDING                                   ,1,-76.596804,39.3134030000001
169718,24K05863,2024-11-19 10:00:00,6D,LARCENY,I,521.0,DK,DK,DK, ,1000 W 41ST ST,NORTHERN,HOES HEIGHTS,39.337532,-76.634497,"(39.337532,-76.634497)",CONVENIENCE STORE                                 ,1,-76.634497,39.3375320000001
168826,24K05880,2024-11-19 11:30:00,7A,AUTO THEFT,I,515.0,M,36.0,WHITE,NOT_HISPANIC_OR_LATINO,ELLERSLIE AVE,NORTHERN,WAVERLY,39.32991,-76.60368,"(39.32991,-76.60368)",SCHOOL                                            ,1,-76.6036799999999,39.32991
168827,24K05888,2024-11-19 12:27:00,4E,COMMON ASSAULT,O,513.0,F,36.0,WHITE,NOT_HISPANIC_OR_LATINO,2600 GREENMOUNT AVE,NORTHERN,BETTER WAVERLY,39.319816,-76.609393,"(39.319816,-76.609393)",STREET                                            ,1,-76.609393,39.3198160000001
169711,24K35687,2024-11-19 15:00:00,6J,LARCENY,I,731.0,F,65.0,BLACK_OR_AFRICAN_AMERICAN,UNKNOWN,2000 N FULTON AVE,WESTERN,PENN NORTH,39.311283,-76.646372,"(39.311283,-76.646372)",OTHER/RESIDENTIAL                                 ,1,-76.646372,39.3112830000001
170565,24K05948,2024-11-19 15:10:00,4E,COMMON ASSAULT,I,313.0,F,63.0,BLACK_OR_AFRICAN_AMERICAN,UNKNOWN,100 E 20TH ST,EASTERN,BARCLAY,39.312363,-76.614318,"(39.312363,-76.614318)",OTHER/RESIDENTIAL                                 ,1,-76.614318,39.3123630000001
170568,24K05939,2024-11-19 15:22:00,6J,LARCENY,O,521.0,M,15.0,BLACK_OR_AFRICAN_AMERICAN,UNKNOWN,FALLS RD,NORTHERN,MEDFIELD,39.337646,-76.63746,"(39.337646,-76.63746)",STREET                                            ,1,-76.63746,39.3376460000001
168911,24K07150,2024-11-19 15:30:00,7A,AUTO THEFT,O,513.0,M,27.0,BLACK_OR_AFRICAN_AMERICAN,UNKNOWN,N CALVERT ST,NORTHERN,CHARLES VILLAGE,39.318409,-76.614331,"(39.318409,-76.614331)",STREET                                            ,1,-76.6143309999999,39.318409
168914,24K35677,2024-11-19 17:36:00,6J,LARCENY,I,315.0,F,32.0,BLACK_OR_AFRICAN_AMERICAN,NOT_HISPANIC_OR_LATINO,1700 MONTPELIER ST,EASTERN,COLDSTREAM HOMESTEAD MONTEBELLO,39.319339,-76.594598,"(39.319339,-76.594598)",OTHER/RESIDENTIAL                                 ,1,-76.594598,39.3193390000001
168912,24K06145,2024-11-19 20:00:00,6F,LARCENY FROM AUTO,O,412.0,F,27.0,BLACK_OR_AFRICAN_AMERICAN,UNKNOWN,1300 PENTWOOD RD,NORTHEAST,NEW NORTHWOOD,39.348361,-76.595073,"(39.348361,-76.595073)",SHED/GARAGE                                       ,1,-76.595073,39.3483610000001
168913,24K06145,2024-11-19 20:00:00,6F,LARCENY FROM AUTO,O,412.0,M,28.0,BLACK_OR_AFRICAN_AMERICAN,UNKNOWN,1300 PENTWOOD RD,NORTHEAST,NEW NORTHWOOD,39.348361,-76.595073,"(39.348361,-76.595073)",SHED/GARAGE                                       ,1,-76.595073,39.3483610000001
170492,24K06083,2024-11-19 22:30:00,3A,ROBBERY,O,525.0,M,40.0,WHITE,NOT_HISPANIC_OR_LATINO,100 W 39TH ST,NORTHERN,TUSCANY-CANTERBURY,39.33581290725755,-76.62098373322706,"(39.33581290725755,-76.62098373322706)",STREET                                            ,1,-76.6209837329999,39.335812907
169716,24K06087,2024-11-19 22:45:00,3A,ROBBERY,O,512.0,M,18.0,WHITE,NOT_HISPANIC_OR_LATINO,N CHARLES ST,NORTHERN,JOHNS HOPKINS HOMEWOOD,39.33086183401538,-76.61809757237229,"(39.33086183401538,-76.61809757237229)",STREET                                            ,1,-76.618097572,39.3308618340001
169003,24K06087,2024-11-19 22:45:00,3A,ROBBERY,O,512.0,M,19.0,WHITE,NOT_HISPANIC_OR_LATINO,N CHARLES ST,NORTHERN,JOHNS HOPKINS HOMEWOOD,39.33086183401538,-76.61809757237229,"(39.33086183401538,-76.61809757237229)",STREET                                            ,1,-76.618097572,39.3308618340001
169634,24K06097,2024-11-19 23:20:00,3A,ROBBERY,O,514.0,M,46.0,BLACK_OR_AFRICAN_AMERICAN,NOT_HISPANIC_OR_LATINO,ELLERSLIE AVE,NORTHERN,BETTER WAVERLY,39.327001,-76.603925,"(39.327001,-76.603925)",STREET                                            ,1,-76.6039249999999,39.3270010000001
170822,24K06106,2024-11-20 00:15:00,4E,COMMON ASSAULT,I,735.0,F,27.0,WHITE,HISPANIC_OR_LATINO,2500 BROOKFIELD AVE,WESTERN,RESERVOIR HILL,39.316185,-76.633847,"(39.316185,-76.633847)",OTHER/RESIDENTIAL                                 ,1,-76.6338469999999,39.3161850000001
172548,24K06140,2024-11-20 06:04:00,5A,BURGLARY,I,732.0,M,62.0,BLACK_OR_AFRICAN_AMERICAN,NOT_HISPANIC_OR_LATINO,2800 WOODBROOK AVE,WESTERN,AUCHENTOROLY-PARKWOOD,39.314788,-76.646741,"(39.314788,-76.646741)",OTHER/RESIDENTIAL                                 ,1,-76.646741,39.3147880000001
170061,24K08136,2024-11-20 07:40:00,6J,LARCENY,I,325.0,F,33.0,BLACK_OR_AFRICAN_AMERICAN,NOT_HISPANIC_OR_LATINO,1900 N BROADWAY,EASTERN,SOUTH CLIFTON PARK,39.31291,-76.59534,"(39.31291,-76.59534)",SCHOOL                                            ,1,-76.59534,39.31291
171633,24K06291,2024-11-20 08:00:00,6J,LARCENY,O,521.0,M,59.0,WHITE,UNKNOWN,HICKORY AVE,NORTHERN,HOES HEIGHTS,39.33985736242689,-76.63756708748592,"(39.33985736242689,-76.63756708748592)",VACANT LOT/WOODS                                  ,1,-76.637567087,39.339857362
171545,24K06159,2024-11-20 08:32:00,3BJ,ROBBERY - CARJACKING,O,511.0,M,43.0,BLACK_OR_AFRICAN_AMERICAN,NOT_HISPANIC_OR_LATINO,3900 FLAMINGO PL,NORTHERN,HAMPDEN,39.335163,-76.63844,"(39.335163,-76.63844)",SHED/GARAGE                                       ,1,-76.6384399999999,39.3351630000001
171546,24K06164,2024-11-20 08:43:00,3A,ROBBERY,O,511.0,M,57.0,WHITE,UNKNOWN,1000 W 36TH ST,NORTHERN,HAMPDEN,39.331133,-76.633119,"(39.331133,-76.633119)",ATM MACHINES                                      ,1,-76.633119,39.3311330000001
171553,24K06177,2024-11-20 08:45:00,4E,COMMON ASSAULT,I,315.0,F,70.0,BLACK_OR_AFRICAN_AMERICAN,NOT_HISPANIC_OR_LATINO,1500 HOMESTEAD ST,EASTERN,COLDSTREAM HOMESTEAD MONTEBELLO,39.322156,-76.5977,"(39.322156,-76.5977)",OTHER/RESIDENTIAL                                 ,1,-76.5977,39.3221560000001
171554,24K06177,2024-11-20 08:45:00,4E,COMMON ASSAULT,I,315.0,M,68.0,BLACK_OR_AFRICAN_AMERICAN,NOT_HISPANIC_OR_LATINO,1500 HOMESTEAD ST,EASTERN,COLDSTREAM HOMESTEAD MONTEBELLO,39.322156,-76.5977,"(39.322156,-76.5977)",OTHER/RESIDENTIAL                                 ,1,-76.5977,39.3221560000001
171556,24K06208,2024-11-20 10:42:00,4E,COMMON ASSAULT,I,515.0,F,DK,BLACK_OR_AFRICAN_AMERICAN,NOT_HISPANIC_OR_LATINO,700 MCKEWIN AVE,NORTHERN,WAVERLY,39.332809,-76.605001,"(39.332809,-76.605001)",OTHER/RESIDENTIAL                                 ,1,-76.605001,39.3328090000001
171547,24K06211,2024-11-20 11:00:00,6C,LARCENY,I,733.0,DK,DK,DK, ,2500 PENNSYLVANIA AVE,WESTERN,PENN NORTH,39.310233,-76.642609,"(39.310233,-76.642609)",DRUG STORE / MED  BLDG                            ,1,-76.6426089999999,39.310233
172454,24K06875,2024-11-20 15:15:00,6J,LARCENY,I,412.0,M,69.0,BLACK_OR_AFRICAN_AMERICAN,NOT_HISPANIC_OR_LATINO,5100 KENILWORTH AVE,NORTHEAST,KENILWORTH PARK,39.349302,-76.600366,"(39.349302,-76.600366)",OTHER/RESIDENTIAL                                 ,1,-76.600366,39.3493020000001
171635,24K06330,2024-11-20 16:00:00,4E,COMMON ASSAULT,I,325.0,M,8.0,BLACK_OR_AFRICAN_AMERICAN,NOT_HISPANIC_OR_LATINO,1600 NORMAL AVE,EASTERN,DARLEY PARK,39.316044,-76.595192,"(39.316044,-76.595192)",OTHER/RESIDENTIAL                                 ,1,-76.5951919999999,39.316044
172380,24K06302,2024-11-20 16:00:00,4E,COMMON ASSAULT,I,512.0,M,27.0,DK,HISPANIC_OR_LATINO,2600 HAMPDEN AVE,NORTHERN,REMINGTON,39.318773,-76.622981,"(39.318773,-76.622981)",OTHER/RESIDENTIAL                                 ,1,-76.622981,39.3187730000001
169982,24K06330,2024-11-20 16:00:00,4E,COMMON ASSAULT,I,325.0,F,27.0,BLACK_OR_AFRICAN_AMERICAN,NOT_HISPANIC_OR_LATINO,1600 NORMAL AVE,EASTERN,DARLEY PARK,39.316044,-76.595192,"(39.316044,-76.595192)",OTHER/RESIDENTIAL                                 ,1,-76.5951919999999,39.316044
171639,24K06308,2024-11-20 16:50:00,4E,COMMON ASSAULT,I,513.0,M,35.0,BLACK_OR_AFRICAN_AMERICAN,NOT_HISPANIC_OR_LATINO,BARCLAY ST,NORTHERN,ABELL,39.323498,-76.6112,"(39.323498,-76.6112)",SCHOOL                                            ,1,-76.6111999999999,39.323498
170819,24K07885,2024-11-20 17:00:00,5A,BURGLARY,I,312.0,F,20.0,BLACK_OR_AFRICAN_AMERICAN,NOT_HISPANIC_OR_LATINO,W 22ND ST,EASTERN,CHARLES NORTH,39.31415951917658,-76.61681959086211,"(39.314159519176584,-76.61681959086211)",OTHER/RESIDENTIAL                                 ,1,-76.616819591,39.314159519
171630,24K06345,2024-11-20 18:25:00,4A,AGG. ASSAULT,I,514.0,F,38.0,BLACK_OR_AFRICAN_AMERICAN,UNKNOWN,600 HOMESTEAD ST,NORTHERN,BETTER WAVERLY,39.327209,-76.608379,"(39.327209,-76.608379)",OTHER/RESIDENTIAL                                 ,1,-76.608379,39.327209
171629,24K06345,2024-11-20 18:25:00,4A,AGG. ASSAULT,I,514.0,F,15.0,BLACK_OR_AFRICAN_AMERICAN,UNKNOWN,600 HOMESTEAD ST,NORTHERN,BETTER WAVERLY,39.327209,-76.608379,"(39.327209,-76.608379)",OTHER/RESIDENTIAL                                 ,1,-76.608379,39.327209
169894,24K06634,2024-11-20 19:00:00,6F,LARCENY FROM AUTO,I,521.0,F,56.0,BLACK_OR_AFRICAN_AMERICAN,UNKNOWN,400 SOMERSET RD,NORTHERN,ROLAND PARK,39.341877,-76.629975,"(39.341877,-76.629975)",OTHER/RESIDENTIAL                                 ,1,-76.6299749999999,39.3418770000001
170751,24K06452,2024-11-20 19:30:00,6F,LARCENY FROM AUTO,O,734.0,M,53.0,BLACK_OR_AFRICAN_AMERICAN,NOT_HISPANIC_OR_LATINO,1200 WHITELOCK ST,WESTERN,PENN NORTH,39.311962,-76.638902,"(39.311962,-76.638902)",STREET                                            ,1,-76.638902,39.3119620000001
172547,24K06355,2024-11-20 19:40:00,6J,LARCENY,I,322.0,M,15.0,BLACK_OR_AFRICAN_AMERICAN,NOT_HISPANIC_OR_LATINO,2000 N BROADWAY,EASTERN,SOUTH CLIFTON PARK,39.31291,-76.595351,"(39.31291,-76.595351)",OFFICE BUILDING                                   ,1,-76.5953509999999,39.31291
170826,24K06818,2024-11-20 20:00:00,4A,AGG. ASSAULT,I,514.0,F,4.0,BLACK_OR_AFRICAN_AMERICAN,UNKNOWN,3000 FRISBY ST,NORTHERN,BETTER WAVERLY,39.324525,-76.60785,"(39.324525,-76.60785)",OTHER/RESIDENTIAL                                 ,1,-76.60785,39.3245250000001
170827,24K06818,2024-11-20 20:00:00,4A,AGG. ASSAULT,I,514.0,F,14.0,BLACK_OR_AFRICAN_AMERICAN,NOT_HISPANIC_OR_LATINO,3000 FRISBY ST,NORTHERN,BETTER WAVERLY,39.324525,-76.60785,"(39.324525,-76.60785)",OTHER/RESIDENTIAL                                 ,1,-76.60785,39.3245250000001
169975,24K06382,2024-11-20 21:00:00,4E,COMMON ASSAULT,I,312.0,F,20.0,BLACK_OR_AFRICAN_AMERICAN,UNKNOWN,2100 N CHARLES ST,EASTERN,CHARLES NORTH,39.313449,-76.61678,"(39.313449,-76.61678)",OTHER/RESIDENTIAL                                 ,1,-76.6167799999999,39.313449
170753,24K06414,2024-11-20 23:00:00,7A,AUTO THEFT,O,411.0,M,80.0,WHITE,UNKNOWN,3600 EDNOR RD,NORTHEAST,EDNOR GARDENS-LAKESIDE,39.332348,-76.599343,"(39.332348,-76.599343)",STREET                                            ,1,-76.599343,39.332348
171743,24K06460,2024-11-21 07:25:00,6J,LARCENY,O,733.0,F,27.0,BLACK_OR_AFRICAN_AMERICAN,NOT_HISPANIC_OR_LATINO,W NORTH AVE,WESTERN,PENN NORTH,39.310296,-76.638408,"(39.310296,-76.638408)",STREET                                            ,1,-76.638408,39.3102960000001
169820,24K06578,2024-11-21 08:40:00,7A,AUTO THEFT,O,514.0,F,36.0,BLACK_OR_AFRICAN_AMERICAN,UNKNOWN,1100 E 33RD ST,NORTHERN,BETTER WAVERLY,39.32826,-76.600495,"(39.32826,-76.600495)",STREET                                            ,1,-76.600495,39.3282600000001
171746,24K06498,2024-11-21 08:50:00,7A,AUTO THEFT,O,315.0,M,29.0,BLACK_OR_AFRICAN_AMERICAN,NOT_HISPANIC_OR_LATINO,MONTPELIER ST,EASTERN,COLDSTREAM HOMESTEAD MONTEBELLO,39.319889,-76.595238,"(39.319889,-76.595238)",STREET                                            ,1,-76.5952379999999,39.319889
171747,24K06498,2024-11-21 08:50:00,7A,AUTO THEFT,O,315.0,F,51.0,BLACK_OR_AFRICAN_AMERICAN,UNKNOWN,MONTPELIER ST,EASTERN,COLDSTREAM HOMESTEAD MONTEBELLO,39.319889,-76.595238,"(39.319889,-76.595238)",STREET                                            ,1,-76.5952379999999,39.319889
171739,24K06514,2024-11-21 10:31:00,6C,LARCENY,I,733.0,DK,DK,DK, ,2500 PENNSYLVANIA AVE,WESTERN,PENN NORTH,39.310233,-76.642609,"(39.310233,-76.642609)",WHOLESALEDISC. STOR                               ,1,-76.6426089999999,39.310233
169147,24K06602,2024-11-21 12:00:00,6J,LARCENY,I,511.0,F,89.0,WHITE,NOT_HISPANIC_OR_LATINO,3800 ROLAND AVE,NORTHERN,HAMPDEN,39.335049,-76.633006,"(39.335049,-76.633006)",OTHER/RESIDENTIAL                                 ,1,-76.633006,39.335049
169148,24K06541,2024-11-21 12:01:00,6F,LARCENY FROM AUTO,O,322.0,M,35.0,BLACK_OR_AFRICAN_AMERICAN,UNKNOWN,E LANVALE ST,EASTERN,OLIVER,39.309416,-76.600839,"(39.309416,-76.600839)",STREET                                            ,1,-76.600839,39.3094160000001
173393,24K06704,2024-11-21 12:15:00,7A,AUTO THEFT,O,524.0,F,23.0,WHITE,NOT_HISPANIC_OR_LATINO,5100 YORK RD,NORTHERN,RADNOR-WINSTON,39.350927,-76.6098,"(39.350927,-76.6098)",SHED/GARAGE                                       ,1,-76.6098,39.3509270000001
173304,24K06533,2024-11-21 12:19:00,1A,HOMICIDE,O,314.0,U,23.0,DK,UNKNOWN,AISQUITH ST,EASTERN,EAST BALTIMORE MIDWAY,39.315527,-76.600077,"(39.315527,-76.600077)",STREET                                            ,1,-76.6000769999999,39.315527
169817,24K06571,2024-11-21 12:45:00,4E,COMMON ASSAULT,I,315.0,M,36.0,WHITE,UNKNOWN,2900 THE ALAMEDA,EASTERN,COLDSTREAM HOMESTEAD MONTEBELLO,39.324761,-76.59375,"(39.324761,-76.59375)",OTHER/RESIDENTIAL                                 ,1,-76.5937499999999,39.3247610000001
169819,24K06576,2024-11-21 14:20:00,4E,COMMON ASSAULT,I,325.0,F,23.0,BLACK_OR_AFRICAN_AMERICAN,NOT_HISPANIC_OR_LATINO,1900 N BROADWAY,EASTERN,SOUTH CLIFTON PARK,39.31291,-76.59534,"(39.31291,-76.59534)",SCHOOL                                            ,1,-76.59534,39.31291
169728,24K06608,2024-11-21 14:30:00,6J,LARCENY,I,521.0,F,64.0,WHITE,UNKNOWN,1200 W 42ND ST,NORTHERN,MEDFIELD,39.338995,-76.638406,"(39.338995,-76.638406)",OTHER/RESIDENTIAL                                 ,1,-76.638406,39.3389950000001
173294,24K06619,2024-11-21 15:50:00,5A,BURGLARY,I,511.0,F,76.0,WHITE,UNKNOWN,1400 W 37TH ST,NORTHERN,HAMPDEN,39.331935,-76.638849,"(39.331935,-76.638849)",OTHER/RESIDENTIAL                                 ,1,-76.6388489999999,39.331935
169810,24K06809,2024-11-21 16:15:00,5A,BURGLARY,O,322.0,DK,DK,DK, ,1600 E LANVALE ST,EASTERN,OLIVER,39.309503,-76.595838,"(39.309503,-76.595838)",CONSTRUCTION SITE                                 ,1,-76.595838,39.3095030000001
173211,24K07887,2024-11-21 20:15:00,6J,LARCENY,I,412.0,F,45.0,BLACK_OR_AFRICAN_AMERICAN,NOT_HISPANIC_OR_LATINO,4500 NORTHWOOD DR,NORTHEAST,NEW NORTHWOOD,39.345738,-76.595844,"(39.345738,-76.595844)",OTHER/RESIDENTIAL                                 ,1,-76.5958439999999,39.345738
169153,24K07055,2024-11-22 00:00:00,4E,COMMON ASSAULT,I,515.0,M,30.0,BLACK_OR_AFRICAN_AMERICAN,NOT_HISPANIC_OR_LATINO,500 CHESTNUT HILL AVE,NORTHERN,WAVERLY,39.334503,-76.609082,"(39.334503,-76.609082)",OTHER/RESIDENTIAL                                 ,1,-76.6090819999999,39.334503
169083,24K06781,2024-11-22 05:00:00,4E,COMMON ASSAULT,O,734.0,M,39.0,BLACK_OR_AFRICAN_AMERICAN,UNKNOWN,W NORTH AVE,WESTERN,RESERVOIR HILL,39.310595,-76.632541,"(39.310595,-76.632541)",STREET                                            ,1,-76.6325409999999,39.310595
170922,24K06782,2024-11-22 05:10:00,6C,LARCENY,O,511.0,DK,DK,DK, ,3600 KESWICK RD,NORTHERN,WYMAN PARK,39.332177,-76.628007,"(39.332177,-76.628007)",STREET                                            ,1,-76.628007,39.3321770000001
170118,24K06807,2024-11-22 08:25:00,7A,AUTO THEFT,O,411.0,F,31.0,BLACK_OR_AFRICAN_AMERICAN,NOT_HISPANIC_OR_LATINO,1500 UPSHIRE RD,NORTHEAST,EDNOR GARDENS-LAKESIDE,39.333907,-76.594517,"(39.333907,-76.594517)",STREET                                            ,1,-76.5945169999999,39.3339070000001
169245,24K06852,2024-11-22 09:30:00,4A,AGG. ASSAULT,O,412.0,F,39.0,BLACK_OR_AFRICAN_AMERICAN,UNKNOWN,THE ALAMEDA,NORTHEAST,KENILWORTH PARK,39.349029,-76.599161,"(39.349029,-76.599161)",STREET                                            ,1,-76.599161,39.349029
170117,24K08214,2024-11-22 10:16:00,6D,LARCENY,I,514.0,M,26.0,DK,UNKNOWN,3200 SAINT PAUL ST,NORTHERN,CHARLES VILLAGE,39.326987,-76.6158,"(39.326987,-76.6158)",PUBLIC HOUSING                                    ,1,-76.6158,39.326987
171584,24K06865,2024-11-22 11:05:00,6J,LARCENY,I,511.0,DK,DK,DK, ,3600 ELM AVE,NORTHERN,HAMPDEN,39.331364,-76.631169,"(39.331364,-76.631169)",SPECIALTY STORE                                   ,1,-76.6311689999999,39.3313640000001
171581,24K06911,2024-11-22 12:45:00,6J,LARCENY,I,512.0,F,84.0,WHITE,NOT_HISPANIC_OR_LATINO,400 FAWCETT ST,NORTHERN,REMINGTON,39.315622,-76.622802,"(39.315622,-76.622802)",OTHER/RESIDENTIAL                                 ,1,-76.622802,39.3156220000001
169905,24K06923,2024-11-22 14:00:00,3C,ROBBERY - COMMERCIAL,I,411.0,DK,DK,DK, ,E 33RD ST,NORTHEAST,EDNOR GARDENS-LAKESIDE,39.328551,-76.600495,"(39.328551,-76.600495)",OFFICE BUILDING                                   ,1,-76.600495,39.3285510000001
169906,24K06923,2024-11-22 14:00:00,3A,ROBBERY,I,411.0,F,24.0,AMERICAN_INDIAN_OR_ALASKA_NATIVE,UNKNOWN,E 33RD ST,NORTHEAST,EDNOR GARDENS-LAKESIDE,39.328551,-76.600495,"(39.328551,-76.600495)",OFFICE BUILDING                                   ,1,-76.600495,39.3285510000001
169240,24K07705,2024-11-22 16:00:00,7A,AUTO THEFT,O,511.0,DK,DK,DK, ,3900 KESWICK RD,NORTHERN,HAMPDEN,39.335611,-76.628388,"(39.335611,-76.628388)",SHED/GARAGE                                       ,1,-76.628388,39.335611
169162,24K07157,2024-11-22 18:00:00,6F,LARCENY FROM AUTO,O,535.0,F,41.0,BLACK_OR_AFRICAN_AMERICAN,UNKNOWN,HOOPER AVE,NORTHERN,WOODBERRY,39.334089,-76.647761,"(39.334089,-76.647761)",STREET                                            ,1,-76.6477609999999,39.3340890000001
171657,24K07021,2024-11-22 18:50:00,4E,COMMON ASSAULT,I,511.0,F,46.0,WHITE,UNKNOWN,1400 UNION AVE,NORTHERN,HAMPDEN,39.3325706615797,-76.63905000343529,"(39.3325706615797,-76.63905000343529)",OTHER/RESIDENTIAL                                 ,1,-76.639050003,39.3325706620001
169084,24K07001,2024-11-22 18:50:00,4A,AGG. ASSAULT,I,511.0,M,44.0,WHITE,NOT_HISPANIC_OR_LATINO,1400 UNION AVE,NORTHERN,HAMPDEN,39.3325706615797,-76.63905000343529,"(39.3325706615797,-76.63905000343529)",OTHER/RESIDENTIAL                                 ,1,-76.639050003,39.3325706620001
172567,24K07223,2024-11-23 01:00:00,6F,LARCENY FROM AUTO,O,325.0,F,41.0,BLACK_OR_AFRICAN_AMERICAN,NOT_HISPANIC_OR_LATINO,1700 E LAFAYETTE AVE,EASTERN,BROADWAY EAST,39.310651,-76.593717,"(39.310651,-76.593717)",STREET                                            ,1,-76.593717,39.3106510000001
174058,24K07212,2024-11-23 03:00:00,3A,ROBBERY,O,732.0,M,20.0,BLACK_OR_AFRICAN_AMERICAN,NOT_HISPANIC_OR_LATINO,2800 WOODBROOK AVE,WESTERN,AUCHENTOROLY-PARKWOOD,39.314173,-76.645812,"(39.314173,-76.645812)",STREET                                            ,1,-76.645812,39.314173
174139,24K07100,2024-11-23 04:32:00,6C,LARCENY,I,511.0,DK,DK,DK, ,3600 KESWICK RD,NORTHERN,WYMAN PARK,39.332177,-76.628007,"(39.332177,-76.628007)",CONVENIENCE STORE                                 ,1,-76.628007,39.3321770000001
174141,24K07108,2024-11-23 05:15:00,6C,LARCENY,I,511.0,DK,DK,DK, ,900 W 36TH ST,NORTHERN,HAMPDEN,39.331203,-76.631536,"(39.331203,-76.631536)",CONVENIENCE STORE                                 ,1,-76.631536,39.3312030000001
173330,24K07428,2024-11-23 08:00:00,6F,LARCENY FROM AUTO,I,311.0,F,32.0,DK,NOT_HISPANIC_OR_LATINO,1700 GUILFORD AVE,EASTERN,GREENMOUNT WEST,39.309148,-76.612212,"(39.309148,-76.612212)",OTHER/RESIDENTIAL                                 ,1,-76.6122119999999,39.3091480000001
168919,24K08415,2024-11-23 13:00:00,6J,LARCENY,O,514.0,M,38.0,DK,UNKNOWN,3200 SAINT PAUL ST,NORTHERN,CHARLES VILLAGE,39.326987,-76.6158,"(39.326987,-76.6158)",STREET                                            ,1,-76.6158,39.326987
173325,24K07192,2024-11-23 13:03:00,6C,LARCENY,I,521.0,DK,DK,DK, ,1000 W 41ST ST,NORTHERN,HOES HEIGHTS,39.337532,-76.634497,"(39.337532,-76.634497)",CONVENIENCE STORE                                 ,1,-76.634497,39.3375320000001
169082,24K07222,2024-11-23 14:20:00,6J,LARCENY,O,511.0,M,35.0,BLACK_OR_AFRICAN_AMERICAN,NOT_HISPANIC_OR_LATINO,FALLS RD,NORTHERN,HAMPDEN,39.332669,-76.635531,"(39.332669,-76.635531)",STREET                                            ,1,-76.635531,39.3326690000001
174142,24K07238,2024-11-23 16:11:00,3C,ROBBERY - COMMERCIAL,O,731.0,DK,DK,DK, ,1900 N FULTON AVE,WESTERN,PENN NORTH,39.310973,-76.646352,"(39.310973,-76.646352)",STREET                                            ,1,-76.646352,39.310973
168925,24K07238,2024-11-23 16:11:00,3A,ROBBERY,O,731.0,M,35.0,NATIVE_HAWAIIAN_OR_OTHER_PACIFIC_ISLANDER,NOT_HISPANIC_OR_LATINO,1900 N FULTON AVE,WESTERN,PENN NORTH,39.310973,-76.646352,"(39.310973,-76.646352)",STREET                                            ,1,-76.646352,39.310973
168347,24K07304,2024-11-23 18:00:00,7A,AUTO THEFT,O,733.0,M,56.0,BLACK_OR_AFRICAN_AMERICAN,UNKNOWN,FRANCIS ST,WESTERN,PENN NORTH,39.312729,-76.642089,"(39.312729,-76.642089)",STREET                                            ,1,-76.6420889999999,39.312729
174057,24K35681,2024-11-23 18:07:00,6J,LARCENY,I,512.0,F,28.0,WHITE,NOT_HISPANIC_OR_LATINO,3000 KESWICK RD,NORTHERN,HAMPDEN,39.323875,-76.627931,"(39.323875,-76.627931)",OTHER/RESIDENTIAL                                 ,1,-76.627931,39.323875
169078,24K07325,2024-11-23 19:03:00,6J,LARCENY,O,734.0,M,34.0,DK,UNKNOWN,1100 W NORTH AVE,WESTERN,DRUID HEIGHTS,39.310285,-76.635816,"(39.310285,-76.635816)",GAS STATION                                       ,1,-76.635816,39.3102850000001
168927,24K07442,2024-11-23 20:30:00,7A,AUTO THEFT,O,411.0,F,33.0,WHITE,NOT_HISPANIC_OR_LATINO,3600 EDNOR RD,NORTHEAST,EDNOR GARDENS-LAKESIDE,39.332159,-76.599343,"(39.332159,-76.599343)",SHED/GARAGE                                       ,1,-76.599343,39.332159
169017,24K07318,2024-11-23 21:20:00,4A,AGG. ASSAULT,O,511.0,M,35.0,BLACK_OR_AFRICAN_AMERICAN,NOT_HISPANIC_OR_LATINO,W 36TH ST,NORTHERN,HAMPDEN,39.331215,-76.631309,"(39.331215,-76.631309)",STREET                                            ,1,-76.631309,39.331215
169016,24K07318,2024-11-23 21:20:00,4A,AGG. ASSAULT,O,511.0,M,37.0,DK,UNKNOWN,W 36TH ST,NORTHERN,HAMPDEN,39.331215,-76.631309,"(39.331215,-76.631309)",STREET                                            ,1,-76.631309,39.331215
169080,24K07318,2024-11-23 21:20:00,4A,AGG. ASSAULT,O,511.0,F,48.0,WHITE,UNKNOWN,W 36TH ST,NORTHERN,HAMPDEN,39.331215,-76.631309,"(39.331215,-76.631309)",STREET                                            ,1,-76.631309,39.331215
169015,24K07318,2024-11-23 21:20:00,4A,AGG. ASSAULT,O,511.0,M,35.0,WHITE,UNKNOWN,W 36TH ST,NORTHERN,HAMPDEN,39.331215,-76.631309,"(39.331215,-76.631309)",STREET                                            ,1,-76.631309,39.331215
170743,24K07345,2024-11-24 00:15:00,4A,AGG. ASSAULT,O,733.0,F,24.0,BLACK_OR_AFRICAN_AMERICAN,NOT_HISPANIC_OR_LATINO,WHITELOCK ST,WESTERN,PENN NORTH,39.311004,-76.64051,"(39.311004,-76.64051)",STREET                                            ,1,-76.6405099999999,39.311004
172477,24K07351,2024-11-24 00:23:00,3C,ROBBERY - COMMERCIAL,I,311.0,DK,DK,DK, ,100 W NORTH AVE,EASTERN,CHARLES NORTH,39.311166,-76.618115,"(39.311166,-76.618115)",HOTEL/MOTEL                                       ,1,-76.618115,39.3111660000001
172474,24K07351,2024-11-24 00:23:00,3A,ROBBERY,I,311.0,M,32.0,WHITE,NOT_HISPANIC_OR_LATINO,100 W NORTH AVE,EASTERN,CHARLES NORTH,39.311166,-76.618115,"(39.311166,-76.618115)",HOTEL/MOTEL                                       ,1,-76.618115,39.3111660000001
172471,24K07356,2024-11-24 00:45:00,4A,AGG. ASSAULT,I,311.0,U,35.0,DK,UNKNOWN,1700 MARYLAND AVE,EASTERN,CHARLES NORTH,39.309298,-76.61772,"(39.309298,-76.61772)",TAVERN/NIGHT CLUB                                 ,1,-76.61772,39.3092980000001
172472,24K07360,2024-11-24 01:08:00,4E,COMMON ASSAULT,I,513.0,M,41.0,BLACK_OR_AFRICAN_AMERICAN,UNKNOWN,2800 GREENMOUNT AVE,NORTHERN,HARWOOD,39.323033,-76.609515,"(39.323033,-76.609515)",RESTAURANT                                        ,1,-76.609515,39.3230330000001
170737,24K07368,2024-11-24 01:25:00,7A,AUTO THEFT,O,525.0,F,65.0,BLACK_OR_AFRICAN_AMERICAN,UNKNOWN,600 WYANOKE AVE,NORTHERN,PEN LUCY,39.337252,-76.607482,"(39.337252,-76.607482)",SHED/GARAGE                                       ,1,-76.6074819999999,39.337252
170738,24K07369,2024-11-24 01:30:00,4E,COMMON ASSAULT,I,322.0,F,44.0,WHITE,HISPANIC_OR_LATINO,1600 E FEDERAL ST,EASTERN,OLIVER,39.308549,-76.595776,"(39.308549,-76.595776)",OTHER/RESIDENTIAL                                 ,1,-76.5957759999999,39.308549
170736,24K07366,2024-11-24 01:34:00,4E,COMMON ASSAULT,I,322.0,M,30.0,BLACK_OR_AFRICAN_AMERICAN,NOT_HISPANIC_OR_LATINO,E LANVALE ST,EASTERN,OLIVER,39.309416,-76.600839,"(39.309416,-76.600839)",OTHER/RESIDENTIAL                                 ,1,-76.600839,39.3094160000001
172566,24K07391,2024-11-24 03:45:00,7A,AUTO THEFT,I,313.0,F,41.0,BLACK_OR_AFRICAN_AMERICAN,UNKNOWN,400 E 20TH ST,EASTERN,BARCLAY,39.312394,-76.610816,"(39.312394,-76.610816)",OTHER/RESIDENTIAL                                 ,1,-76.6108159999999,39.312394
170803,24K07573,2024-11-24 08:30:00,4A,AGG. ASSAULT,I,513.0,F,49.0,BLACK_OR_AFRICAN_AMERICAN,NOT_HISPANIC_OR_LATINO,300 WHITRIDGE AVE,NORTHERN,HARWOOD,39.321395,-76.612604,"(39.321395,-76.612604)",OTHER/RESIDENTIAL                                 ,1,-76.612604,39.3213950000001
170808,24K07579,2024-11-24 10:00:00,5A,BURGLARY,I,325.0,F,56.0,BLACK_OR_AFRICAN_AMERICAN,UNKNOWN,1400 DARLEY AVE,EASTERN,DARLEY PARK,39.315141,-76.596631,"(39.315141,-76.596631)",OTHER/RESIDENTIAL                                 ,1,-76.5966309999999,39.315141
172465,24K07440,2024-11-24 10:06:00,4E,COMMON ASSAULT,I,525.0,M,28.0,BLACK_OR_AFRICAN_AMERICAN,UNKNOWN,300 E UNIVERSITY PKWY,NORTHERN,OAKENSHAWE,39.328853,-76.611746,"(39.328853,-76.611746)",OTHER/RESIDENTIAL                                 ,1,-76.611746,39.328853
173719,24K07487,2024-11-24 14:00:00,4E,COMMON ASSAULT,I,312.0,M,21.0,ASIAN,UNKNOWN,10 W 20TH ST,EASTERN,CHARLES NORTH,39.31215,-76.617032,"(39.31215,-76.617032)",OTHER/RESIDENTIAL                                 ,1,-76.6170319999999,39.31215
173782,24K07521,2024-11-24 15:30:00,6J,LARCENY,I,525.0,M,34.0,DK,HISPANIC_OR_LATINO,4200 YORK RD,NORTHERN,PEN LUCY,39.340273,-76.609476,"(39.340273,-76.609476)",OTHER/RESIDENTIAL                                 ,1,-76.609476,39.340273
173728,24K07520,2024-11-24 16:32:00,6J,LARCENY,O,521.0,F,73.0,WHITE,NOT_HISPANIC_OR_LATINO,1000 W 41ST ST,NORTHERN,HOES HEIGHTS,39.337532,-76.634497,"(39.337532,-76.634497)",STREET                                            ,1,-76.634497,39.3375320000001
168229,24K07549,2024-11-24 17:30:00,7A,AUTO THEFT,O,412.0,M,45.0,BLACK_OR_AFRICAN_AMERICAN,NOT_HISPANIC_OR_LATINO,1200 ROSSITER AVE,NORTHEAST,NEW NORTHWOOD,39.348028,-76.598823,"(39.348028,-76.598823)",SHED/GARAGE                                       ,1,-76.598823,39.3480280000001
172404,24K07710,2024-11-24 20:00:00,6F,LARCENY FROM AUTO,O,521.0,M,33.0,WHITE,UNKNOWN,WICKFORD RD,NORTHERN,ROLAND PARK,39.341394,-76.627044,"(39.341394,-76.627044)",STREET                                            ,1,-76.627044,39.341394
168154,24K07606,2024-11-24 21:00:00,4A,AGG. ASSAULT,I,733.0,F,38.0,BLACK_OR_AFRICAN_AMERICAN,UNKNOWN,2500 DRUID HILL AVE,WESTERN,PENN NORTH,39.31357,-76.641485,"(39.31357,-76.641485)",OTHER/RESIDENTIAL                                 ,1,-76.641485,39.31357
168388,24K35688,2024-11-25 00:00:00,6F,LARCENY FROM AUTO,O,412.0,F,34.0,BLACK_OR_AFRICAN_AMERICAN,NOT_HISPANIC_OR_LATINO,1300 KITMORE RD,NORTHEAST,NEW NORTHWOOD,39.350953,-76.594542,"(39.350953,-76.594542)",STREET                                            ,1,-76.5945419999999,39.3509530000001
172044,24K08609,2024-11-25 00:03:00,4A,AGG. ASSAULT,I,735.0,M,16.0,BLACK_OR_AFRICAN_AMERICAN,UNKNOWN,700 NEWINGTON AVE,WESTERN,RESERVOIR HILL,39.3137,-76.630678,"(39.3137,-76.630678)",OTHER/RESIDENTIAL                                 ,1,-76.630678,39.3137
173636,24K07665,2024-11-25 04:15:00,6C,LARCENY,I,511.0,DK,DK,DK, ,900 W 36TH ST,NORTHERN,HAMPDEN,39.331203,-76.631536,"(39.331203,-76.631536)",CONVENIENCE STORE                                 ,1,-76.631536,39.3312030000001
171054,24K07667,2024-11-25 04:45:00,6C,LARCENY,I,511.0,DK,DK,DK, ,3600 KESWICK RD,NORTHERN,WYMAN PARK,39.332177,-76.628007,"(39.332177,-76.628007)",CONVENIENCE STORE                                 ,1,-76.628007,39.3321770000001
173551,24K07726,2024-11-25 10:20:00,4E,COMMON ASSAULT,I,513.0,F,36.0,BLACK_OR_AFRICAN_AMERICAN,NOT_HISPANIC_OR_LATINO,N CALVERT ST,NORTHERN,CHARLES VILLAGE,39.320806,-76.614484,"(39.320806,-76.614484)",DRUG STORE / MED  BLDG                            ,1,-76.6144839999999,39.3208060000001
168305,24K07812,2024-11-25 14:00:00,6J,LARCENY,I,525.0,M,9.0,BLACK_OR_AFRICAN_AMERICAN,NOT_HISPANIC_OR_LATINO,4600 KERNWOOD AVE,NORTHERN,KERNEWOOD,39.345318,-76.610599,"(39.345318,-76.610599)",OTHER/RESIDENTIAL                                 ,1,-76.610599,39.3453180000001
172035,24K07808,2024-11-25 14:30:00,4A,AGG. ASSAULT,O,313.0,F,34.0,BLACK_OR_AFRICAN_AMERICAN,NOT_HISPANIC_OR_LATINO,GREENMOUNT AVE,EASTERN,BARCLAY,39.316299,-76.60955,"(39.316299,-76.60955)",STREET                                            ,1,-76.60955,39.3162990000001
172781,24K07939,2024-11-25 15:30:00,7A,AUTO THEFT,O,513.0,F,34.0,BLACK_OR_AFRICAN_AMERICAN,NOT_HISPANIC_OR_LATINO,300 E 28TH ST,NORTHERN,HARWOOD,39.322023,-76.61305,"(39.322023,-76.61305)",STREET                                            ,1,-76.61305,39.3220230000001
172038,24K08147,2024-11-25 16:11:00,6C,LARCENY,I,733.0,DK,DK,DK, ,2500 PENNSYLVANIA AVE,WESTERN,PENN NORTH,39.310233,-76.642609,"(39.310233,-76.642609)",CONVENIENCE STORE                                 ,1,-76.6426089999999,39.310233
172778,24K07928,2024-11-25 22:22:00,6J,LARCENY,I,322.0,M,42.0,BLACK_OR_AFRICAN_AMERICAN,UNKNOWN,1700 AISQUITH ST,EASTERN,OLIVER,39.309406,-76.602553,"(39.309406,-76.602553)",OTHER/RESIDENTIAL                                 ,1,-76.6025529999999,39.309406
172887,24K07968,2024-11-26 01:20:00,4E,COMMON ASSAULT,I,322.0,F,DK,BLACK_OR_AFRICAN_AMERICAN,UNKNOWN,1700 N BROADWAY,EASTERN,OLIVER,39.309761,-76.59518,"(39.309761,-76.59518)",OTHER/RESIDENTIAL                                 ,1,-76.59518,39.309761
172880,24K08498,2024-11-26 01:30:00,4E,COMMON ASSAULT,I,512.0,F,61.0,WHITE,UNKNOWN,N CHARLES ST,NORTHERN,CHARLES VILLAGE,39.320694,-76.617257,"(39.320694,-76.617257)",DAY CARE                                          ,1,-76.6172569999999,39.3206940000001
168701,24K08143,2024-11-26 10:30:00,7A,AUTO THEFT,O,315.0,F,40.0,BLACK_OR_AFRICAN_AMERICAN,UNKNOWN,E 28TH ST,EASTERN,COLDSTREAM HOMESTEAD MONTEBELLO,39.323917,-76.594772,"(39.323917,-76.594772)",STREET                                            ,1,-76.594772,39.3239170000001
170976,24K08056,2024-11-26 10:30:00,7A,AUTO THEFT,I,511.0,M,52.0,WHITE,UNKNOWN,3600 HICKORY AVE,NORTHERN,HAMPDEN,39.331877,-76.633942,"(39.331877,-76.633942)",OTHER/RESIDENTIAL                                 ,1,-76.6339419999999,39.3318770000001
172884,24K09055,2024-11-26 15:00:00,6J,LARCENY,I,315.0,M,47.0,BLACK_OR_AFRICAN_AMERICAN,UNKNOWN,2600 KIRK AVE,EASTERN,COLDSTREAM HOMESTEAD MONTEBELLO,39.320981,-76.599353,"(39.320981,-76.599353)",OTHER/RESIDENTIAL                                 ,1,-76.599353,39.3209810000001
168699,24K08156,2024-11-26 16:11:00,3A,ROBBERY,I,514.0,F,31.0,BLACK_OR_AFRICAN_AMERICAN,NOT_HISPANIC_OR_LATINO,ELLERSLIE AVE,NORTHERN,BETTER WAVERLY,39.325184,-76.605127,"(39.325184,-76.605127)",OTHER/RESIDENTIAL                                 ,1,-76.605127,39.325184
168590,24K08371,2024-11-26 17:00:00,7A,AUTO THEFT,O,411.0,F,41.0,BLACK_OR_AFRICAN_AMERICAN,UNKNOWN,1200 WINDEMERE AVE,NORTHEAST,EDNOR GARDENS-LAKESIDE,39.330169,-76.599146,"(39.330169,-76.599146)",STREET                                            ,1,-76.599146,39.3301690000001
172980,24K08176,2024-11-26 17:03:00,7A,AUTO THEFT,O,514.0,M,31.0,BLACK_OR_AFRICAN_AMERICAN,UNKNOWN,E 32ND ST,NORTHERN,ABELL,39.3271791030346,-76.61097820996315,"(39.3271791030346,-76.61097820996315)",STREET                                            ,1,-76.61097821,39.327179103
170973,24K08189,2024-11-26 17:30:00,4A,AGG. ASSAULT,O,314.0,M,30.0,BLACK_OR_AFRICAN_AMERICAN,UNKNOWN,2100 HOMEWOOD AVE,EASTERN,EAST BALTIMORE MIDWAY,39.313706,-76.607183,"(39.313706,-76.607183)",STREET                                            ,1,-76.607183,39.313706
168593,24K08202,2024-11-26 18:00:00,4E,COMMON ASSAULT,O,521.0,M,65.0,WHITE,NOT_HISPANIC_OR_LATINO,1000 W 41ST ST,NORTHERN,HOES HEIGHTS,39.33748,-76.634275,"(39.33748,-76.634275)",SHED/GARAGE                                       ,1,-76.6342749999999,39.33748
173817,24K08237,2024-11-26 18:32:00,6C,LARCENY,I,511.0,DK,DK,DK, ,1000 W 36TH ST,NORTHERN,HAMPDEN,39.331018,-76.633124,"(39.331018,-76.633124)",CONVENIENCE STORE                                 ,1,-76.633124,39.331018
173653,24K08263,2024-11-26 18:40:00,6J,LARCENY,O,512.0,DK,DK,DK, ,2600 N HOWARD ST,NORTHERN,CHARLES VILLAGE,39.319616,-76.619768,"(39.319616,-76.619768)",STREET                                            ,1,-76.619768,39.3196160000001
173652,24K08263,2024-11-26 18:40:00,6J,LARCENY,O,512.0,M,29.0,BLACK_OR_AFRICAN_AMERICAN,UNKNOWN,2600 N HOWARD ST,NORTHERN,CHARLES VILLAGE,39.319616,-76.619768,"(39.319616,-76.619768)",STREET                                            ,1,-76.619768,39.3196160000001
171053,24K08230,2024-11-26 19:25:00,3C,ROBBERY - COMMERCIAL,I,511.0,DK,DK,DK, ,1000 W 36TH ST,NORTHERN,HAMPDEN,39.331018,-76.633124,"(39.331018,-76.633124)",CONVENIENCE STORE                                 ,1,-76.633124,39.331018
172878,24K08230,2024-11-26 19:25:00,3A,ROBBERY,I,511.0,F,28.0,WHITE,UNKNOWN,1000 W 36TH ST,NORTHERN,HAMPDEN,39.331018,-76.633124,"(39.331018,-76.633124)",CONVENIENCE STORE                                 ,1,-76.633124,39.331018
173742,24K08258,2024-11-26 19:52:00,6J,LARCENY,I,412.0,F,80.0,BLACK_OR_AFRICAN_AMERICAN,NOT_HISPANIC_OR_LATINO,5100 THE ALAMEDA,NORTHEAST,KENILWORTH PARK,39.349845,-76.599031,"(39.349845,-76.599031)",OTHER/RESIDENTIAL                                 ,1,-76.599031,39.3498450000001
170893,24K08270,2024-11-26 21:15:00,6C,LARCENY,I,521.0,M,DK,DK,NOT_HISPANIC_OR_LATINO,FALLS RD,NORTHERN,MEDFIELD,39.341186,-76.63962,"(39.341186,-76.63962)",CONVENIENCE STORE                                 ,1,-76.63962,39.3411860000001
170892,24K08270,2024-11-26 21:15:00,6C,LARCENY,I,521.0,DK,DK,DK, ,FALLS RD,NORTHERN,MEDFIELD,39.341186,-76.63962,"(39.341186,-76.63962)",CONVENIENCE STORE                                 ,1,-76.63962,39.3411860000001
173811,24K08277,2024-11-26 23:25:00,6C,LARCENY,I,512.0,DK,DK,DK, ,3000 N CHARLES ST,NORTHERN,CHARLES VILLAGE,39.32458,-76.617346,"(39.32458,-76.617346)",CONVENIENCE STORE                                 ,1,-76.6173459999999,39.32458
171987,24K08305,2024-11-27 01:20:00,3C,ROBBERY - COMMERCIAL,O,521.0,DK,DK,DK, ,1100 W 41ST ST,NORTHERN,HAMPDEN,39.337831,-76.636468,"(39.337831,-76.636468)",GAS STATION                                       ,1,-76.636468,39.3378310000001
171986,24K08305,2024-11-27 01:20:00,3A,ROBBERY,O,521.0,M,19.0,BLACK_OR_AFRICAN_AMERICAN,NOT_HISPANIC_OR_LATINO,1100 W 41ST ST,NORTHERN,HAMPDEN,39.337831,-76.636468,"(39.337831,-76.636468)",GAS STATION                                       ,1,-76.636468,39.3378310000001
171159,24L00403,2024-11-27 02:00:00,6F,LARCENY FROM AUTO,O,322.0,F,82.0,BLACK_OR_AFRICAN_AMERICAN,NOT_HISPANIC_OR_LATINO,N CAROLINE ST,EASTERN,OLIVER,39.310578,-76.598445,"(39.310578,-76.598445)",STREET                                            ,1,-76.598445,39.3105780000001
171160,24L00409,2024-11-27 04:30:00,4E,COMMON ASSAULT,I,515.0,M,32.0,BLACK_OR_AFRICAN_AMERICAN,NOT_HISPANIC_OR_LATINO,600 MCKEWIN AVE,NORTHERN,WAVERLY,39.332976,-76.606826,"(39.332976,-76.606826)",OTHER/RESIDENTIAL                                 ,1,-76.606826,39.332976
171299,24K08331,2024-11-27 05:02:00,6C,LARCENY,I,511.0,DK,DK,DK, ,3600 KESWICK RD,NORTHERN,WYMAN PARK,39.332177,-76.628007,"(39.332177,-76.628007)",CONVENIENCE STORE                                 ,1,-76.628007,39.3321770000001
171151,24L35536,2024-11-27 13:00:00,6J,LARCENY,O,312.0,F,36.0,BLACK_OR_AFRICAN_AMERICAN,UNKNOWN,20 E 25TH ST,EASTERN,CHARLES VILLAGE,39.317921,-76.616344,"(39.317921,-76.616344)",STREET                                            ,1,-76.616344,39.3179210000001
170480,24K08444,2024-11-27 13:00:00,6J,LARCENY,I,524.0,F,44.0,BLACK_OR_AFRICAN_AMERICAN,NOT_HISPANIC_OR_LATINO,500 BEAUMONT AVE,NORTHERN,WINSTON-GOVANS,39.351597,-76.607599,"(39.351597,-76.607599)",OTHER/RESIDENTIAL                                 ,1,-76.6075989999999,39.351597
172060,24L01340,2024-11-27 15:30:00,6G,LARCENY,I,512.0,DK,DK,DK, ,HUNTINGDON AVE,NORTHERN,REMINGTON,39.313125,-76.620555,"(39.313125,-76.620555)",OFFICE BUILDING                                   ,1,-76.620555,39.3131250000001
171313,24K08483,2024-11-27 15:40:00,4A,AGG. ASSAULT,I,411.0,M,25.0,BLACK_OR_AFRICAN_AMERICAN,UNKNOWN,1500 FERNLEY RD,NORTHEAST,EDNOR GARDENS-LAKESIDE,39.331813,-76.593185,"(39.331813,-76.593185)",OTHER/RESIDENTIAL                                 ,1,-76.5931849999999,39.3318130000001
171236,24L35515,2024-11-27 16:30:00,6J,LARCENY,I,511.0,F,37.0,WHITE,NOT_HISPANIC_OR_LATINO,3600 BUENA VISTA AVE,NORTHERN,HAMPDEN,39.330661,-76.639385,"(39.330661,-76.639385)",OTHER/RESIDENTIAL                                 ,1,-76.6393849999999,39.3306610000001
171235,24L35503,2024-11-27 18:15:00,6J,LARCENY,I,734.0,M,41.0,BLACK_OR_AFRICAN_AMERICAN,UNKNOWN,2200 EUTAW PL,WESTERN,RESERVOIR HILL,39.310761,-76.634386,"(39.310761,-76.634386)",OTHER/RESIDENTIAL                                 ,1,-76.6343859999999,39.3107610000001
170481,24L00626,2024-11-27 18:45:00,6F,LARCENY FROM AUTO,O,512.0,M,33.0,BLACK_OR_AFRICAN_AMERICAN,NOT_HISPANIC_OR_LATINO,KESWICK RD,NORTHERN,HAMPDEN,39.324679,-76.627868,"(39.324679,-76.627868)",STREET                                            ,1,-76.627868,39.3246790000001
172810,24K08952,2024-11-27 19:00:00,5A,BURGLARY,I,512.0,F,32.0,WHITE,UNKNOWN,2700 MILES AVE,NORTHERN,REMINGTON,39.319682,-76.622737,"(39.319682,-76.622737)",OTHER/RESIDENTIAL                                 ,1,-76.622737,39.3196820000001
171226,24K08594,2024-11-27 21:00:00,6J,LARCENY,I,512.0,F,35.0,WHITE,UNKNOWN,100 W 27TH ST,NORTHERN,CHARLES VILLAGE,39.320508,-76.619115,"(39.320508,-76.619115)",TAVERN/NIGHT CLUB                                 ,1,-76.619115,39.3205080000001
170484,24L00501,2024-11-27 21:30:00,6D,LARCENY,I,322.0,F,33.0,WHITE,NOT_HISPANIC_OR_LATINO,2000 N BROADWAY,EASTERN,SOUTH CLIFTON PARK,39.31376,-76.596826,"(39.31376,-76.596826)",PUBLIC BUILDING                                   ,1,-76.596826,39.3137600000001
172807,24K08601,2024-11-27 22:35:00,4E,COMMON ASSAULT,I,314.0,F,38.0,BLACK_OR_AFRICAN_AMERICAN,NOT_HISPANIC_OR_LATINO,2300 ROBB ST,EASTERN,EAST BALTIMORE MIDWAY,39.316197,-76.600497,"(39.316197,-76.600497)",OTHER/RESIDENTIAL                                 ,1,-76.600497,39.316197
171228,24L00673,2024-11-27 23:00:00,6G,LARCENY,O,512.0,M,42.0,BLACK_OR_AFRICAN_AMERICAN,NOT_HISPANIC_OR_LATINO,2300 MOUNT ROYAL TER,NORTHERN,JONES FALLS AREA,39.31623284520337,-76.62856940891292,"(39.31623284520337,-76.62856940891292)",STREET                                            ,1,-76.628569409,39.3162328450001
